,review,rating,type
0,"올리브영에서 세일하길래 바로 샀어요 클렌징오일로 유명한 마녀공장의 푸어 클렌징오일 한번쯤은 써보고 싶다는 생각이 들었는데 너무 젛아영 400ml+ 55ml로 만 얼마에 샀답니당이 제품은 올리브영 2020년 1위 2021년 1위를 했다고해용 인체 적용 테스트를 했고 클렌징오일 한번하면 미세먼지 제거가 돤다고해요 제가 블랙헤드가 정말 많고 모공도 넓어졌는데 이 클렌징오일은 블랙헤드 녹이는데 도움이 된답니다블랙헤드 녹이는 꿀팁도 있다고 해용 고운 소다 파우더 1/2 티스푼에 클렌징 1펌핑을 잘 섞어 블랙헤드가 있는곳에 부드럽게 롤링해주면 된다고 합니다 피부 상태에 따라 한갈에 1~2회 정도 해주면 좋다고해요제 피부타입은 복합성인데 이 제품은 확실히 타 제품보단땅김이 덜하더라구요 말끔하게 지우고 14가지 식물성 오일로 땅김없이 촉촉하게 딥클렌징 후에도 피부가 촉촉하도록 아르간케널오일, 돌콩오일 등 보습성분을 듬뿍 넣었대요오일의 무거움은 흠 솔직히 무거운고 같은데염 피부에 바를때 깔끔하고 그냥 좋게 지워자요 유명한 만큼 기대를 많이 했는데 생각만큼 좋았어요",4,건성
1,"블랙헤드 관리겸 클렌징오일 사용해요! 클렌징 오일쓰면 모공,피지관리에 도움이 돼요. 피부에 롤링후에 유화과정 잊지말고 해주세요(미지근한물 뭍혀 문지르면 하얀색이 됨.)  저는 복합성피부라서 클렌징폼도 같이 사용해주고있어요~세정력좋고 많이 묽지않은 제형이예요.",4,복합성
2,"타브랜드 제품사용하다가 다시 마녀공장 퓨어 클렌징오일을 재구매했어요! 클렌징오일 구입하는데 아이세럼까지 주시다뇨!! 마녀공장 제품들은 순해서 너무 좋아요! 아이세럼도 써보고싶었는데 이기회에 써보게되네요🥳🥳제피부는 복합성에, 한겨울에는 턱쪽이 진짜 건조한 피부타입이예요.. 근데 이 클렌징오일은 다른 클렌징오일이랑 비교하자면, 건조함없는 클렌징오일이예요!  그리고 화이트헤드, 블랙헤드 제거에 도움이되요 ㅋㅋ그렇다고 아예 화이트헤드,블랙헤드가 완전히 없어지는건 아니구요~그래도 이렇게 도움이되는게 얼마나좋은지요ㅜ 피부에 자극없어서 더더욱 좋아요😃😃",4,복합성
3,"사진<삐아 아라, 토니모리 아라, 에뛰드 쉐도우, 삐아 립순으로 그린후 조금 말렸다가 오일로 지워봤는데립,쉐도우는 금방 지워졌어요 근데 워퍼프루프 아라는 계속 문질러야 거의 다 지워졌어요!리무버로 지운후 오일로 하면 더 깨끗하게 지워질듯해요!오일이 되게 묽어서 잘 흐르는데 계속 문지르다보면 조금 뻑뻑해지는 느낌이 있어요! 그래서 얼굴에서 오일이 흐르거나 하지않아서 좋습니다!피부가 되게 민감한데 따갑거나 하지도 않고 사용후 땡김이나 건조함도 없고 되게 순해요!+블랙헤드 제거에 효과 좋다했는데 저는 그냥 그랬어요ㅠㅠ+여드름에 지성타입인 동생이랑 같이 사용중인데 동생은 연달아 사용하면 얼굴이 많이 건조해지더라구요! 지성인 분들도 참고하세요!",4,건성
4,"마녀공장 클렌징오일이 워낙 유명하길래 구매해보았어요. 평소 클렌징오일은 가볍고 산뜻한 제형을 사용했고 선호했거든요. 마녀공장 클렌징오일은 묵직, 되직, 무거운 느낌의 오일이더라구요. 제형은 제스타일이 아니였지만... 롤링을 해보니 피부 노폐물과 피지같은 것들이 세정 잘되더라구요. 세정후에도 피부가 당기지않아 그것또한 좋았습니다. 자연유래성분이라 피부자극도 없었고 순하더라구요. 미세먼지까지 세정해준다고하니 안심하고 사용할수 있었어요. 가성비도 나름 훌륭한편이라 클렌징오일 구매 망설이신다면 마녀공장 추천드려요!",4,복합성
5,순하고 자극이 없다고 해서 구매를 해봤습니다. 알단은 포장이 되게 센스가 있어서 아주 칭찬해요~베이스 정도는 잘 지워지긴 하지만 포인트 메이크업은 따로 지워야 합니다. 세안 하고 나서 미끄러움이 없어서 좋았어요. 손에다가 한번 테스트 해봤는데요. 오일만으로는 아이라이너를 잘 안 지워졌네요 물에 빨개진 정도로 문지르고 지워졌어요 ㅠ결론은 클리오의 펜슬 라이너 강추합니다 ㅎㅎㅎ_______________________________________________________据说成分很温和就买来试一下底妆是可以卸干净的但是就不要期待能卸彩妆了，洗完之后没有假滑还挺舒服的可以省略洗面奶了最后想安利clio的眼线笔，真的是一点都不掉特别稳手都搓红了><,4,복합성
6,"요즘 마스크 끼고 다녀서 화장은 안 해도선크림은 꼬박꼬박 바르고 다니니까 클렌징 오일은 필수였어요 턱부분에 트러블이 너무 많이 나서 피부과에 갔더니피부과 의사가 트러블에 클렌징오일이 안 좋다며 ㅠ 자극이 된다면서 .. 나을 때까지 왠만하면 선크림도 바르지 말라더라구요ㅠㅠㅠ그래서 잠시 안 녕하다가 좀 좋아지고 다시 사용하고있어요클렌징오일중에서 마녀공장꺼가 제일 좋았어요그래도 가장 자극도 적고, 클렌징도 잘 되는 것 같아요근데 다른 오일보다도 제형때문인지 좀 헤프게 쓰게 되는 것 같아요금방 또 사야합니다",4,복합성
7,"오일의 점성이 묽기가 다른 브랜드의 오일들에 비해서 좀더 되직하고, 묽지않고 무거운편이예요. 오일감이 더 느껴지고, 진한 느낌이예요. 얼굴에 발라서 핸들링하기에도 좀더 묵직하고 묽지 않지만, 그래도 잘 지워지고, 세정후에도 건조함이 조금 덜한듯해요.지성 피부나 여드름이 있는 피부는 사용하기가 오일감이 많아서 별로일듯하네요!! 건성 피부는 진하게 잘 지워지고, 세정후에도 건조함이나 당김이 거의 없는 편인거 같아요.여름이나 가벼운 화장에는 좀 무거운 감이 있어요.여름 보다는 가을,겨울에 지성피부  보다는 건성이나 민감성 피부가 사용하기 좋아요.그래도 가격좋고 무난해요.작은 여행용 사이즈까지 기획된 구성이 참 좋은듯해요.무난하게 꾸준히 잘 사용하기 있어요! 지우는게 제일 중요하답니다!",4,건성
8,"클렌징오일.안쓰지.꽤.오래됐는데..!!.!갑자기.다시.쓸려고.하니까.ㅠ뭘.어떤.브랜드.써야할지.!.!.!갑자기.멘붕.ㅠㅠ.!!.3와갓구..유트브.뒤져보다가..!유트루님이.!.쓴걸봐서.!왠지.믿음이.가서.속는셈치고.한번.사봄.!,블랙헤드.녹일때.가끔.유용하게.쓸거라서.메이크업.지우는덴.크게.안쓸거라서.세정력.딸려도.저는.상관없는것같음.!!.!화이트헤드도.잘지워지고.,!.사~알~짝.!뜬.각질도.잠잠하게.재우는것같기도.해요^3.!쓰고.나면.피부가.맨질.맨질하니.보들.보~오들한.느낌쓰~^가.좋은것같아요~^.!.!너무.기름지지도.않고.찬물에도.잘녹고.나름.괜찮은것같아요~^^",4,복합성
9,몇통째 쓰고 있는지 모를 정도로 이건 뭐 애정템 정착템을 넘어서 그냥 단종되지만 않는다면 쭉 사용할 제품이예요!클렌징오일이라고 너무 오일리한건 안좋아하는데 예는 적당히 오일리해서 좋아요! 향에도 민감한데 향도 거슬리지 않아서 좋구요! 충분한 양을 펌핑해주고 얼굴 부드럽게 롤링해준 다음 물 조금 묻혀서 유화과정까지 거쳐주면 진짜 딥클렌징 됩니다!! 원래 클렌징워터 썼었는데 그건 화장솜에 적셔 쓰다보니까 살살해도 피부에 너무 자극이 많이가서 오일 써봤더니 훨씬 컨트롤하기 편하더라구요! 세정력도 좋고 이 제품 쓰고 클렌징폼으로 2차세안까지 해주면 아주 깔끔히 클렌징됩니다! 이제품만 써서 다른제품 써볼까하고 써보다가 결국 다시 돌아오게되는 그런 제품이예요! 얘는 진짜 눈시림도 없고 너무 좋아요! 듬뿌듬뿍써서 양이 확확줄어드는데 대용량 나와서 너무 좋아요ㅜㅠ,4,건성
10,요즘 나이아신아마이드 성분에 관심을 갖고있어서 구매했어요. 안색 개선뿐만이 아니라 좁쌀 등에도 효과가 있고 다른 화장품과의 상성을 많이 신경쓰지 않아도 되기 때문에 괜찮을 것 같다고 생각했어요. 나이아신아마이드 성분의 입문을 저함량의 타 제품으로 시작해서 점차 함량을 늘리며 다른 기초와의 궁합도 보고 피부에 적응도 시켜나갔어요. 그래서 최종은 가장 성분 위주인 디오디너리 제품으로 정착해나가려고 구매했어요.사실 처음에는 좀 실망스러웠어요.두 번째 사진에 보이실지 모르겠는데 사용 한 번도 안 하고 배송 받자마자 찍은 사진이에요. 저렇게 결정처럼 하얗게 굳어 있었어요. 성분 특성이라 저런 것 같은데 디오디너리 리뷰를 보면 종종 저런 리뷰를 볼 수 있더라고요.오래돼서 그런가 하기엔 최근에 만든 제품이라 그냥 닦아내고 쓰는데 조금 찝찝한 건 어쩔 수 없네요..그래도 제품 자체는 잘 쓰고 있어서 별 한 개만 뺐어요.워터베이스라 토너 이후에 사용하고 있어요.성분 특성상 밀릴 수 있기 때문에 톡톡 두드리면서 흡수 먼저 시켜주고 다른 기초를 바르고 있어요.처음에는 하얗게 변하면서 흡수가 안 될 것 같은데 생각보다 빠르게 흡수가 되더라고요. 딱히 밀림도 못 느꼈어요.미끈거리지도 않고 끈적이지도 않아요.다른 글에서 냄새 얘기를 봐서 걱정했는데 그닥 신경쓰이는 냄새도 아니고 무난했어요.,4,건성
11,"흡수는 잘 되는편이지만 이것만 바르기에는 건조해서 크림을 여러겹 바르는데, 이상하게 때처럼 밀려 나와서 아침보다 저녁에 쓰는 편이에요.한번에 많은 양을 바르면 밀릴 가능성이 있기 때문에 조금씩 발라야 합니다.모공 많이 넓거나 트러블이 심한 편이 아니라 눈에 띄게 나아진지는 잘 모르겠지만 피부가 보들보들한 느낌이에요!",4,복합성
12,사실 일주일밖에 되지 않아서 아직까지는 무슨 효과나 변화를 느끼지는 못했어요~ 그런데 그냥 오래 발아주면 나아지려나해서 바르고는 있어요. 먼저 향이 조금 별로라서 약간 시큼한 향이 나서 이건 뭐지? 했는데 그래도 오래 남는 향은 아니여서 괜찮아요. 얼굴이 많이 거칠어져서 나아지게 해보려고 구입한건데 부디 효과가 있길 바랍니다.,4,건성
13,주름 미백에 효과적이라고 해서 한번 구매 해봤는데수분력을 채워주는 느낌은 받지 못했어요바로 피부에 흡수되서 그런거 같아요이건 계속 쭉 사용해보고 효과 지켜봐야할거같습니다,4,복합성
14,피부에 광이 나고 건강해진 느낌이에요. 만족해요. 꾸준히 써 보려구요.,4,복합성
15,유튜버 추천으로 구매한거라서 제품자체는 만족합니다. 근데 배송상태 뭔가요??? 신경 좀 써주세요. 제품 빠져도 모르겠는데요?,4,건성
16,코에 피지 많이서 피지 조절하는데 좋다길래 사봤는데 자고 일오나면 피지 올라와 있음그렇게 강한 효과는 잘 모르겠는데 그래도 바를 땐 피지가 줄어드는 기분이 남 그 특유의 피부가 매끈해지는 마무리감 때문에 꾸준히 쓰드보면 피지 조절에 도움이 될지도?,4,복합성
17,피부가 칙칙해서 구매했습니다. 우선 가격이 착해서 비용면에서 장점이 있는 제품입니다. 비타민 세럼이라 주로 저녁에만 사용하는데 아직까지는 잘 모르겠어요. 지속적으로 사용해보면 환해질거라 생각하고 사용중입니다. 이제 여름이라 미백에 더 신경써야해서 꾸준히 사용해보려고 합니다.,4,건성
18,자극이 클줄 알았는데 생각보다 자극이 안 심해요!근데 사람마다 다르니 조금씩 사용하는걸 추천합니다디오디너리는 가격이 착해서 너무 좋아요용량도 생각보다 많아서 가성비 굿!미백 효과는 조금씩 느껴지는 정도?꾸준히 쓰면 미백에 도움될 것 같아요,4,지성
19,나이아신 좋다 추천받아 샀어요 비타민c앰플후 바르는데 때처럼밀려서 순간당황 조금 따갑긴하네요 다음날 쓰니 따가운건 없어졌구요 2방울정도 볼부위를 톡톡 두드리며 흡수시키니 덜 밀려요 계속 써봐야힐등요 바르면 피부결이  좋아지는듯,4,복합성
20,좀아쉬워요...시간이지날수록 날라감이있어요...ㅜㅜ 크림은 안그런데..재구매의사없습니다 지성피부에 추천할게요! 흡수력은 떨어지고 화장은 밀리고 들떠요...ㅜㅜ 이거바름 더건조하다는 느낌이들어서 아쉽다는 느낌만 듭니다,3,건성
21,추천정도 상중하   고른다면 중제가 쓰던 다른 거와 비교했을때보습력 보통   흡수력은 떨어지는편,3,복합성
22,건성피부입니다..보습에 좋다고 했는데왜 저는 건조하죠?ㅠㅠㅠ크림과 세트로 같이 사서 쓰는중인데..피부가 건조해서 화장이 다 떠버리더라구요..ㅠㅠ좀 더 더운 여름날에 다시 써봐야겠어요,3,복합성
23,음 그냥 난 이거 쓰고 수준크림까지 썻는데 피지 분비량이 많았음 그만큼 수분이 좋은건 아닌듯,3,건성
24,토너의 제형이 많이 묽어요.수분감이 엄청난다고 해야하나?흡수 잘 됩니다.토너랑 같이 쓰기에는 보습력이 조금 더 추가가 되면 좋을 듯 합니다.개인적인 의견입니다.,3,건성
25,아이소이 세럼 쓰다가 끈적임 남는게 싫어서 이번엔 토리든 세럼으로 구매했어요올영해서 테스트해보니까 제형이 가볍고 끝에 끈적임이나 잔여감이 없이 흡수되는 느낌이었어요.,3,복합성
26,❤평이 좋아서 세일기간에 저렴하게 구입했고요 파란색이 참 예쁜 앰플 같은 세럼이에요🧡세럼이라는게 토너후 바로 사용하는 제품이라그런지 토너를 뭐 쓰는지 굉장히 중요한데 저는 수부지라 여름에는 밀려서 기초 여러개를 못쓰는지라 안 끈적이면서 속건조 한번에 잡아줄 세럼이 필요했어요💛흡수는 정말 잘되지만 가격에 비해 제역할을 잘해내지 못하는 느낌 보습력이 많이 약해서 토너후 요고바르고 수분크림하나 더 발라줘야합니다💚수분세럼인데 수분력이 약해서 와 이건 보습잡습니다!!!이거 사세요!!!하지는 못하겠어요🤣파워지성인 제가 부족한 보습력이면 다른 분들은 뭐..💙좋은점이라면 성분이 아주좋고(전성분올그린🙆‍♀️)민감성피부나 그 어떤 피부에도 괜찮을 무자극에 가까운 아이 그리고 세일시 저렴한 가격과 끈적임없이 빠른 흡수력정도?💜그냥 무난하게 쓰긴 좋은데 날씨 더워질거 생각하면 돈 더 보태서 사용감 더 좋은 수분세럼이나 수분크림 살거같습니당,3,지성
27,성분이순해서그런지 아무거나쓰면 트러블나고 피부뒤집어졌었는데 민감한제피부에 괜찮았어요!!!그거빼고는 좋은지잘모르겠어요흡수는빠른데 그후의 보습은 잘모르겠어요ㅜㅜㅜ😂😂,3,지성
28,"♤한달사용후기같은 라인 다른 제품이 좋길래 혹시나해서 구매했는데 영 아닌듯 합니다.약간의 점성이 있는 투명한 콧물제형 세럼인데,막 세수하고 얼굴에 빨리 바르면 살짝 하얗게 변하면서 밀립니다. 세럼 치고는 흡수가 더뎌요.수분감은 건성피부의 경우 바른 직후 20분 뒤면 싹 사라져서 멀쩡했던 자리도 하얗게 일어나는데한 이틀은 그냥 무시하고 단독으로 써봤다가 도저히 안되어서3일째 되는 날 부터는 단독사용을 포기하고 세럼을 바른 후 타사 로션도 같이 발랐어요.이미 2병이 같이 왔기 때문에세럼으로 쓰기 보다는 토너처럼 사용해야 할것 같습니다.그래도 크림과 혼용했을땐 가려운 붉은기나 트러블이 없었기 때문에 지성피부인 친구들 한테는 추천해도 괜찮을것 같아요.순한 제품은 맞습니다.건성인 제 피부와 안맞기 때문에 재구매의사는 없고요.그냥 원래 쓰던데로 수딩크림 써야할것 같습니다.",3,지성
29,화해어플에 항상 상위권에 등재되어 있고 올영랭킹에도 늘 포함되어 있어서 궁금하긴 했으나 다른제품에 밀려 사용기회가 없다가 이번에 한번 구매해봤어요.수분앰플 이미지에 맞게 푸른빛깔의 앰플용액이 더운 여름이랑 너무 잘 어울리네요.여느 앰플처럼 스포이드형으로 사용하는 제품이고 한두방울 떨어뜨리니 푸른색으로 그대로 비춰지네요.저는 복합성인데 특히 여름에는 습하게 되면 무거운 제품 이용시 자칫 모공이 막히는 경우가 자주 있어서 끈적임이 없는 흡수력 좋고 깔끔한 느낌을 선호하는데 가볍다는 리뷰믿고 구입했지만 여름이라 그런지 제게는 왜이리 끈적인다는 느낌이 있을까요?사용량 조절을 한다면 괜찮으려나..조금씩 흡수시키며 레이어링을 해도 끈적인다는 느낌이 들어 좀 아쉽네요.아무래도 저는 지금보다는 좀 찬바람이 불기 시작하는 계절에 더 맞을거 같아요.전반적인 가격대비 수분충전의 목적으로  충실한 제품이라 더 인기있는것 같은데 끈적임에 민감한 분들이라면 꼭 테스트한 후 고려해보세요.,3,건성
30,"🌱팩을 얼굴에 얹는걸 별로 안좋아하는데 쓴다면  메디힐, 퍼ㅅㅌㄹ 팩만 사용합니다. 메디힐은 특별한 효능 효과가 느껴지진 않지만 올리브영에서 저렴히 구매가능한게 장점인듯 합니다. 🌱당연한말이지만 진정용이라 두둑한 수분감까지 느껴지진 않지만 여름에 사용하기 편리한 수분팩입니다.",4,지성
31,"에셍스가 낙낙해도 좀만 무겁다싶은 제형은 바로 피부에 뭐가 올라오고 사실 좀 귀찮기도해서,,ㅎㄹ 팩은 오랜만에 사는데요! 하필 중요한 촬영앞두고 뭐가 났는데 진정이 안되서ㅠㅠ 가벼운 매디힐라인으로 쟁여두고 요즘 일일일팩하는중입니당,, 확실히 진정은 되는듯",4,복합성
32,귀찮아서 팩 잘 안하기도히고 무거운 팩을 쓰면 뭐가 나서 자주안하는데 메디힐 티트리는 딱 쿨링 진정에 특화된 제품이라 너무 무겁지는 않으면서 피부를 토닥토닥해주는 기분이랄까요! 중요한 날 앞두고 피부에 뭐가나서 요즘은 하루하루 매일 팩하는중 ㅠㅠ,4,복합성
33,"올영 알바 하면서 젤 많이 계산 했던 것 같은 제품.. 진짜입니다 메디힐 제품은 종류가 정말 많아서 기분따라, 피부 상태따라 골라 쓸 수 있는 점이 좋은 것 같아용. 티트리는 가끔씩 피부에 뭐가 올라올 때 하나씩 사서 올려주면 피부가 진정되는 느낌 만땅....",4,복합성
34,이제 날씨도 더워지고 햇살도 뜨거워져서 피부 진정을 위해서 구매했는데 역시 좋아요. 자극도 없고 쓰고 나니까 피부도 진짜 좀 진정된거 같고 트러블도 없고 마음에 들어요,4,복합성
35,슬슬 더워지는 계절에 냉장고에 보관하고 퇴근후 샤워하고 붙이면 힐링이 따로 없어요. 피부가 촉촉하니 부들부들 사용감이 좋아요.,4,복합성
36,솔직히 말하자면 몇년간 계속 써오던 팩인데 이제는 패드를 사서쓰는 타입으로 바뀌어서 팩은 안 쓰게 되더라고요.. 효과를 알고 있음에도 불구하고요. 팩을 쓰면 효과는 확실히 있을지는 몰라도 팩을 얼굴에서 떼고나서 그 찐득함이 너무 덥덥하고 잘 때 불편해서 이제 손쉽게 쓸 마음이 안 생겨요..효과는 좋았어요. 그치만 재구매할 때는 메디힐 패드로 갈아탈 것 같숩니다.. 이것은 정말 개인적인 사용감이기 때문에 제품이 안 좋은게 아니에요 ㅎ 겨울이 다시오면 사용해야겠어요! 팩으로써는 굿입니다.,4,복합성
37,티트리 성분이 좋다는건 알구 있었지만 민감한 피부에 촉촉해서 더 좋은거 같아요,4,건성
38,후기 많이 찾아보고 이 제품 좋다고 해서 샀는데 괜찮은 거 같아요! 확실히 진정이 되는 거 같긴 한데 수분감이 그렇게 많진 않고 민감한 피부다 보니 시트를 올렸을 때 약간..? 따가웠어용 그치만 에센스 양도 많고 괜찮아요~~ㅋㅋㅋ,4,복합성
39,마스크팩은 이 제품만 사용하는데요. 촉촉하니 좋아요.  추천이요. 저렴하게 잘샀어요..,4,복합성
40,기미가 많은 편이라 올리브영 탑리뷰언서분들에게 제품 추천해 달라고 했는데 구달 제품 추천받아서 믿고 구매했어요 :-)예민한 피부라 처음에 발랐을 때는 따가운 느낌과 오돌토돌 트러블이 올라왔는데 며칠 참고 발랐더니 피부가 적응 했는지 금새 괜찮아졌고 얼굴톤이 한층 올라갔어요 !!😁,5,건성
41,지난 번에 3개 기획세트 사서 다 쓰고 재구매했어요. 다 좋은데 유리병 안에 끝까지 펌핑이 안 되서 아까워요. 사은품으로 주는 튜브타입이 더 마음에 들어요.,5,지성
42,"공병이 벌써 몇병인지 모르겠을만큼몇년째 꾸준히 사용하는템이에요~오늘도 기존에 사용하던 병이 비어가는거 보고남편이 살때 됐네 해서 구매를 했습니당.30ml 50ml 용량은 선호하는 용량이 있지는 않고그때그때 가격이 더 합리적인 걸로 삽니당!사용감은 이것만 사용하면 부족하실것 같고토너로 결 정리후 세럼 바르고 보습&수분크림 발라주시면 좋을 듯 합니당~저는 계절 딱히 상관없이 사계절 다 사용하는데요굳이 더 잘 어울리는 계절은 여름에 더 잘 어울리는 듯해요.이걸 발라서 와 흔적이 싹 없어졌어요!라고 말 할 수는 없는데 다른 세럼들을 바르다가도 어느 새 다시 이걸로 돌아와 있는거보면,그리고 꾸준히 올영 인기템엔거 보면굳이 제가 추천하지 않더라도 한번씩 써보셔도 후회없을 템이에요!단점이 하나가 있는데.. 좀 헤픈것 같은 느낌이랄까요🤣🤣🤣뭔가 너무 빨리 없어지는 느낌적인 느낌이고,마지막에 다 쓰고나서 병안에 남은 세럼을 알뜰하게 쓰기가 어려워요.. 그게 아쉽다면 아쉬워서 단점으로 꼽아봅니다.그래도 저는 앞으로도 계속 쭉 쓸템입니당^^",5,복합성
43,예전에 써보고 좋아서 재구매했습니다행사중이라 저렴히 구매했네요,5,건성
44,전에 한통 다 사용하고 좀 효과있어서 사려고 하면 가격대비 좋은 제품들은 계속 품절이라서 사는거 미루다가이번에 다시 구매했어요 덤으로 준것도 맘에 드네요26.4.27 까지 길어서 좋네요,5,복합성
45,한통밖에 안써서 뚜렷하게 피부가 밝아진다! 까지는 느끼진 못했지만 피부톤이 정돈되는 것은 느껴졌어요.약간 끈적이는 감이 있어서 여름에 구매하실 지성분들은 테스트 한번 미리 해보시는 것 추천드립니다!,5,복합성
46,늘 상위권 랭크되어있는 제품이라 구입했어요 꾸준히 써서 조금이라도 효과있기를,5,복합성
47,민감한편인데 자극은안느껴졌고 세럼만쓰기엔 건조하게느껴져서 크림을꼭발라야되긴해요 피부가 너무칙칙해지는거같아서 구입해봤고 좀더 써보고 효과가 있었음좋겠어요,5,지성
48,잘 사용하고 있답니다~!! 확실히 가격대비좋아요! 우선 자극적이지 않아서 좋더라구요~! 그래서 여드름 있는 피부에 사용해도 좋더라구요~~뿐만 아니라 확실히 피부가 좋아지는것이 느껴져요~~또 구매하도록 하겠습니다,5,건성
49,매번 쓰는 제품이예요 똑 떨어져서 세일 안하지만 올영 세일에 12프로 할인 받고 삿어요 잡티에 이것만한게 없어요,5,건성
50,토너를 찾다가 요즘 턱밑이나 이마에 트러블이 나서 고민이 되서 어성초 제품은 어떤가 하고 사용해보려고 구매 했어요 후기보니 좁쌀여드름에 좋다고 나와 있더라구요 @용기~뚜껑이 돌려서 여는 스타일이라서 편하지는 않고 용기가 플라스틱이라서 가볍고 좋아요@용량~대용량이라서 부담없이 팍팍 쓸수 있어서 좋아요@자극~자극없이 순함@끈적임~없음 오히려 너무 깔끔함@잔여감~없음 솜에 충분히 적신후 딱아내니 오히려 있던 원래 피부느낌도 말끔 깔끔해짐@사용후 수분감~수분감 있는 느낌은 아님 오히려 그냥 알콜로 딱는듯 깔끔한 느낌이나 당기거나 뻑뻑하지 않음 @추천계절~사계절 좋지만 특히 더운 여름에 땀나는 계절에 쓰면 좀더 깔끔할듯@제형~물타입@어성초77프로가 들었고 다른 허브나 약초성분 기타등등 들었는데 예전에 마몽드 장미수는 장미수가 90프로고 나머지는 그닥 뭐가 많이 안들었는데 이건 어성초 말고도 여러가지 들었고 타사 평소 쓰던 토너보다 더 깔끔하고 기본에 충실한 느낌임 아직 트러블이 가라앉거나 하는건 모르겠음@추천~끈적임 싫고 뭔가 토너가 깔끔한 느낌이 좋으신 분들 유분감이 많은 지성 피부인 분들 토너는 그저 피부정돈 깔끔하게 해주는게 좋은분들에게 추천,5,복합성
51,어성초성분이 잘 맞는 편이라서 진정에도 효과가 좋고 물토너라서 제형이 가벼워서 흡수도 잘됩니다 머리 말릴때 스킨팩을 해주면 촉촉하고 열감이 내려가서 진정에 좋아요,5,지성
52,진정에 워낙 효과적인 어성초 성분이 77%나 들어 있고 다른 어성초 들어간 에센스들을 몇 개 사용해봤는데 아무리 가벼운 제형이라 해도 몇 번 덧 바르다 보면 마무리감에 살짝 끈끈한 느낌이 있는데 흡수도 너무 빠르고 마무리가 절대 끈적거리지 않아서 너무 좋아요. 엄마아들이 들고간 이유를 알거 같긴해요.엄청 가벼운 제형인데 또 속부터 보습감을 채워줘서 진짜 속건조를 쏙 해결해줍니다.이 병 다 써도 또 다시 재구매할 의사 200%있습니다 .,5,복합성
53,"아누아 어성초 토너는 몇년째 꾸준히 사용하고 있는 토너에요! 어성초성분이 잘 맞는 편이라 진정에도 효과가 좋고, 물토너 제형이라 가볍게 마무리되고 흡수도 잘되는 편이라 좋아요. 저는 주로 저녁에 스킨팩으로 잘 활용하고 있는데 화장솜에 토너를 적셔서 5-10분정도 토너팩을 해주면 얼굴 열감도 확 내려가고 진정도 돼서 좋아요. 특히 좁쌀여드름에 효과를 많이 봤어요!이번 기획세트에는 40ml도 같이 들어있길래 기획세트로 구매해봤어요. 전에 40ml를 받은 적 있는데 여행갈때나 휴대용으로 잘 사용했거든요. 거기에다 패드랑 선크림도 같이 들어있어서 여행용으로 가지고 다니기 딱 좋을 것 같더라고요.다쓰면 또 재구매할 꾸준템이에요!",5,복합성
54,아누아 토너 하도 말이 많아서한동안 사용 안하다가오랜만에 재구매 했어요대체품을 찾기가 너무 어려움토너에 진정+수분은 이만한게 없는듯,5,복합성
55,"🌿아누아 어성초 토너🌿제일 애정하는 없어서는 안 될 템💗💗닦토, 물토너로는 요 제품만 써요몇년전, 마스크를 쓰며 피부가 숨을 못 쉬어서 피부가 안 좋을때 접하게 된 토너인데 이 제품 쓰고부터 트러블이 안 나요ㅎㅎ원래 항상 대용량 구매하다가 이번에 여행용으로 좋은 40ml도 증정한다기에 350ml 바로 구매했네요어성초가 피부진정,트러블에 좋은건 다들 아시죠?? 피지 관리도 되서 T존에 기름기 끼는것도 별로 없어져서 너무 만족하며 쓰는 제품!🙋‍♀️나는 수부지다!🙋‍♀️유수분 밸런스 맞추고싶다!🙋‍♀️좁쌀여드름이 있다!➡️아누아 어성초 토너 쓰시면 분명 좋아짐을 느끼실거에요!! (아누아에 지분 없음...)🍯팁!! 다x소에 거품용기 사서 토너 넣어준 다음,거품토너로 사용하시면 더 쫀득쫀득 흡수됨을 느끼실 수 있어요!✨️",5,복합성
56,💟기초 라인은 주로 아벤느 닥터지를 사용하고 있답니다.아누아 어성초 77 수딩 토너는 3통째 구매해서 사용하는 중이랍니다.💟제가 요 토너를 구매하게 된 이유는 좁쌀 여드름에 효과가 있다고 리뷰에 글이 올라와서 구매하게 된 이유랍니다.개인적으로 사용하는 동안 토너의 향은 전혀 느껴지지 않았어요. 피부가 민감하고 예민한 편이라 향이 없다는 게 좋았답니다.물같은 토너이지만 세안하고 바르면 보습감에 산뜻하면서  거부감이 없어 좋았답니다. 너무 건성인 피부타입은 약간 당길수도 있을것 같아요.💟제 피부타입도 복합성에 약간 건성에 가까운 피부타입인데 너무 끈적인 토너보다는 갠적으로 산뜻한 토너를 원해서 인지 저는 괜찮더라구요.요토너를 쓰면서 너무 좋아 언니한테도 선물해 주었더니 좋다고 또 사달라하더라구요ㅎㅎㅎ예전에는 좁쌀여드름이 눈에 보이게 보였는데 요즘에는 조금 눈에 덜 보이는것 같아요 손으로 만져보아도 덜 느껴지는것 같아요.💟순딩순딩토너 피부진정에도 효과가 좋답니다. 화장솜에 묻혀 피부에 올려놓고 화장솜에 있는 토너가 마를 때쯤 떼면 수분 가득한 팩을 한 것처럼 피부가 엄청 뽀득뽀득 해집니다.민감 피부에 순하고 산뜻하고 말끔하게 닦이는 순딩한 토너를 찾으신다면 추천드립니다.🌳🌲,5,복합성
57,"어느날 내 피부에 좁쌀여드름이 나타났다- 절망 편.원래 피부에 뭐가 잘 안 나는 체질인데 피부관리샵 한 번 잘못갔다가 이마에 좁쌀 여드름 폭발….그전에는 몰랐는데 여드름이라는 게 상당히 신경 거슬리는 거였더라구요. 진정시키는 템 이것저것 알아보다 사용하게 된 토너였습니다.처음에는 읭? 할 정도로 효과를 거의 보지 못했는데, 3일 정도 쓰고 나니까 좁쌀 여드름이 거의 다 들어갔어요!!! 다시 돌아온 내 피부..정말 다행이야..아무튼 저에게는 다행히도 잘 맞았구요!! 순하기도 하고 여러모로 괜찮은 것 같아서 한번 쯤 써보는것도 나쁘지 않을 것 같네용",5,복합성
58,"아누아 어성초 토너 재구매도 엄청 해서 이번 후기도 몇 번째인지 이제 셀 수도 없어요 ..🩷고등학생때 화농성, 좁쌀 ... 등 트러블이란 트러블은 엄청 다양하게 자주 났었고, 전체적으로 진정에 효과를 엄청 많이 봤어요이런 저런 여드름 피부용 스킨케어제품들을 많이 써봤는데 이 제품이 제일 효과가 좋았어서 오년이 지난 지금까지 계속 사용중이에요 ... 지금은 트러블이 많이 자주나는 피부는 아니지만 붉어지거나 계절, 생리주기 영향으로 민감해질때 화장솜에 두둑히 적셔서 올려주면 진정이 싹 돼서 너무 만족하면서 쓰고있어요🩷🩷전 스킨패드들보다 구냥 이거 화장솜에 묻혀서 팩처럼 쓰는게 더더 효과가 좋아요🫶여드름 공격을 한창 받고있는 동생한테도 소개해서 동생도 두통째 쓰고있어요,, 트러블도 점차 나아지고 있구여!",5,지성
59,진정에 워낙 효과적인 어성초 성분이 77%나 들어 있고 다른 어성초 들어간 에센스들을 몇 개 사용해봤는데 아무리 가벼운 제형이라 해도 몇 번 덧 바르다 보면 마무리감에 살짝 끈끈한 느낌이 있는데 흡수도 너무 빠르고 마무리가 절대 끈적거리지 않아서 너무 좋아요. 엄마아들이 들고간 이유를 알거 같긴해요.엄청 가벼운 제형인데 또 속부터 보습감을 채워줘서 진짜 속건조를 쏙 해결해줍니다.이 병 다 써도 또 다시 재구매할 의사 200%있습니다 .,5,복합성
60,가족들이 모두 사용할 수 있는 순한 보습크림입니다!저는 지성임에도 주로 건성분들이 쓰시는 이 크림을 몇년간사용했습니다만... 지성 분들께는 추천드리지 않아요!🧡 꾸덕한 제형에 무향 🧡꾸덕하고 무거운 크림이지만 발림성은 그에 비해 많이 뻑뻑하진 않았어요!🧡 수분충전보다는 수분증발차단 🧡제형 자체에서는 그렇게 느껴지지 않지만 유분이 많은 편이라 수분 증발을 막아줍니다!💕 추천 피부 💕밀도 높은 유분감과 수분감이라서 건성피부에게 추천드리고 복합성피부까지도 건조할 때 좋을 것 같습니다저같은 지성피부는 유수분밸런스가 깨지기 때문에추천 드리고 싶지않아요!저같은 경우에는 이 크림을 쓰고 기초케어에 관심 가지기 전까지는 과한 좁쌀여드름이 인생의 동반자였습니다...💕 정리 💕한여름을 제외하고는 건성~복합성분들이 쓰기 좋은 제품입니다!지성 분들께는 젤 제형의 유분기 적은 수분크림 추천드려요!!,4,건성
61,순하고 보습력 짱짱하지만 기름진 제품. 지성분들은 꼭 테스트 해보고 구입하세요,4,건성
62,"지난 몇년 간 사용해온 제품입니다 어김 없이 재구매했네요!☘️ 제형, 향적당히 무게감 있는 크림이고 유분감, 수분감이 적절히 배합된 느낌이에요향은 무향에 가깝습니다만 약간 화장품 냄새?같은 게 살짝 납니다☘️ 피부타입저는 지성이지만 속건조를 잡아줘서 오랫동안 사용해왔는데 근래 속건조가 심해져서 잠시 다른 크림으로 갈아탔습니다..건성인 분들이 주로 사용하신다는 걸 요번에 알았네요..건성인 가족은 없으면 안될 정도로 dmt크림이랑 상성이 굉장히 좋습니다다만 지성인 분들은 번들거림이 심할 수도 있습니다!!제가 그랬거든여..바르고 주무시면 아침에 꼭 세안 꼼꼼하게 해주세요..트러블 납니다유..☘️ 피부장벽속건조가 있었음에도 몇달 동안 사용했던 가장 큰 이유입니다dmt 크림을 안쓰면 피부 장벽이 약해져서 그런지 편사가 번지더라고요?!또 안나던 각종 트러블도 생겼고요ㅜ피부장벽 유지, 복구에는 제 기준 최고였습니다속건조만 아니면 계속 쓸 제품인데 너무 오래 써서 그런지 지금은 잘 안맞게 되어서 아쉽네요ㅜ",4,건성
63,한달 사용후기 올려요~!!저는  주로 크림은 피지오겔 크림만 사용해요~!!아직까지 피지오겔 크림을 대체할 만한 크림을 찾질 못했네요~일단 보습력이 좋고 피부에 자극이 없어서 민감한 피부나 건성피부에게 적합한 크림이예요.다른 크림을 쓰면 피부가 건조한데 피지오겔은 보습력이 오랫동안 지속되어서 저는 마음에 들어요~!!여름엔 가벼운 제형인 에센스와 함께 써도  좋고 겨울엔 라이트한 페이스오일 또는 앰플과 사용해도 보습이 더 지속되어서 좋네요~!,4,건성
64,삼복 더위 아닌이상 항상 사용해서 여유분을 항상 챙겨두는편,4,복합성
65,"🖤피부 타입 : 수부지 , T존 피지과다 🖤피부 고민 : 다크서클 , 모공 , 흉터 , 기미 수부지인 저에겐 약간 답답해서 손이 잘 안가요 ㅠㅡㅠ",4,건성
66,세번째이 제품을 재구매에서 사용하고 있어요.가격도 저렴하고 상품에 대한  만족도좋아요.,4,복합성
67,안녕하세요 올리브영에 가서 이것저것 보다가 로션이 필요해서할인도하고있어서냉큼 구매햇어요 아침저녁으로 꾸준히 사용하고있는데 정말 좋아요 향도 무향이라서 바르기 너무 좋아요 튜브형이라 아주 잘 사용하고있어요 증정용도있어서 여행갈때 두루두루 사용하기 편하네요 끈적임도 없고 피부에 바로 흡수되어 산뜻해요 할인행사가 자주 있었으면 좋겠어요 조금만 구매해도 가격이 높아서 구매하기 좀 꺼려져요 이제품은 순하고 건성에 제격인거같아요 성분도 잘 맞는거같아요 해외제품이라 잘 몰랐는데 주변에서 이 제품을 꾸준히 사용하는 친구가있어서 한번 구매해서 발라보는데 무난하게 바르기 좋아요 계속 사용할 예정입니다 할인행사하면 또 구매 각입니다 증정용도있어서 가성비 제품인듯합니다 여러분도 사용해보세요 이미 사용하는사람도있지만,4,건성
68,피부가 건조하면 습진처럼 갈라지고 각질때문에 검정 옷을 못입을 정도인데 피지오겔 보습 크림으로 진정이 되었으면 좋겠습니다.,4,복합성
69,일단 건성이고 요새 여름다가오면서 피부 뒤집어졌음. 수분크림 필요해서 닥치고 피지오겔꺼 좋았어서 삼,4,건성
70,가족들이 모두 사용할 수 있는 순한 보습크림입니다!저는 지성임에도 주로 건성분들이 쓰시는 이 크림을 몇년간사용했습니다만... 지성 분들께는 추천드리지 않아요!🧡 꾸덕한 제형에 무향 🧡꾸덕하고 무거운 크림이지만 발림성은 그에 비해 많이 뻑뻑하진 않았어요!🧡 수분충전보다는 수분증발차단 🧡제형 자체에서는 그렇게 느껴지지 않지만 유분이 많은 편이라 수분 증발을 막아줍니다!💕 추천 피부 💕밀도 높은 유분감과 수분감이라서 건성피부에게 추천드리고 복합성피부까지도 건조할 때 좋을 것 같습니다저같은 지성피부는 유수분밸런스가 깨지기 때문에추천 드리고 싶지않아요!저같은 경우에는 이 크림을 쓰고 기초케어에 관심 가지기 전까지는 과한 좁쌀여드름이 인생의 동반자였습니다...💕 정리 💕한여름을 제외하고는 건성~복합성분들이 쓰기 좋은 제품입니다!지성 분들께는 젤 제형의 유분기 적은 수분크림 추천드려요!!,4,건성
71,순하고 보습력 짱짱하지만 기름진 제품. 지성분들은 꼭 테스트 해보고 구입하세요,4,건성
72,"지난 몇년 간 사용해온 제품입니다 어김 없이 재구매했네요!☘️ 제형, 향적당히 무게감 있는 크림이고 유분감, 수분감이 적절히 배합된 느낌이에요향은 무향에 가깝습니다만 약간 화장품 냄새?같은 게 살짝 납니다☘️ 피부타입저는 지성이지만 속건조를 잡아줘서 오랫동안 사용해왔는데 근래 속건조가 심해져서 잠시 다른 크림으로 갈아탔습니다..건성인 분들이 주로 사용하신다는 걸 요번에 알았네요..건성인 가족은 없으면 안될 정도로 dmt크림이랑 상성이 굉장히 좋습니다다만 지성인 분들은 번들거림이 심할 수도 있습니다!!제가 그랬거든여..바르고 주무시면 아침에 꼭 세안 꼼꼼하게 해주세요..트러블 납니다유..☘️ 피부장벽속건조가 있었음에도 몇달 동안 사용했던 가장 큰 이유입니다dmt 크림을 안쓰면 피부 장벽이 약해져서 그런지 편사가 번지더라고요?!또 안나던 각종 트러블도 생겼고요ㅜ피부장벽 유지, 복구에는 제 기준 최고였습니다속건조만 아니면 계속 쓸 제품인데 너무 오래 써서 그런지 지금은 잘 안맞게 되어서 아쉽네요ㅜ",4,건성
73,한달 사용후기 올려요~!!저는  주로 크림은 피지오겔 크림만 사용해요~!!아직까지 피지오겔 크림을 대체할 만한 크림을 찾질 못했네요~일단 보습력이 좋고 피부에 자극이 없어서 민감한 피부나 건성피부에게 적합한 크림이예요.다른 크림을 쓰면 피부가 건조한데 피지오겔은 보습력이 오랫동안 지속되어서 저는 마음에 들어요~!!여름엔 가벼운 제형인 에센스와 함께 써도  좋고 겨울엔 라이트한 페이스오일 또는 앰플과 사용해도 보습이 더 지속되어서 좋네요~!,4,건성
74,삼복 더위 아닌이상 항상 사용해서 여유분을 항상 챙겨두는편,4,복합성
75,"🖤피부 타입 : 수부지 , T존 피지과다 🖤피부 고민 : 다크서클 , 모공 , 흉터 , 기미 수부지인 저에겐 약간 답답해서 손이 잘 안가요 ㅠㅡㅠ",4,건성
76,세번째이 제품을 재구매에서 사용하고 있어요.가격도 저렴하고 상품에 대한  만족도좋아요.,4,복합성
77,안녕하세요 올리브영에 가서 이것저것 보다가 로션이 필요해서할인도하고있어서냉큼 구매햇어요 아침저녁으로 꾸준히 사용하고있는데 정말 좋아요 향도 무향이라서 바르기 너무 좋아요 튜브형이라 아주 잘 사용하고있어요 증정용도있어서 여행갈때 두루두루 사용하기 편하네요 끈적임도 없고 피부에 바로 흡수되어 산뜻해요 할인행사가 자주 있었으면 좋겠어요 조금만 구매해도 가격이 높아서 구매하기 좀 꺼려져요 이제품은 순하고 건성에 제격인거같아요 성분도 잘 맞는거같아요 해외제품이라 잘 몰랐는데 주변에서 이 제품을 꾸준히 사용하는 친구가있어서 한번 구매해서 발라보는데 무난하게 바르기 좋아요 계속 사용할 예정입니다 할인행사하면 또 구매 각입니다 증정용도있어서 가성비 제품인듯합니다 여러분도 사용해보세요 이미 사용하는사람도있지만,4,건성
78,피부가 건조하면 습진처럼 갈라지고 각질때문에 검정 옷을 못입을 정도인데 피지오겔 보습 크림으로 진정이 되었으면 좋겠습니다.,4,복합성
79,일단 건성이고 요새 여름다가오면서 피부 뒤집어졌음. 수분크림 필요해서 닥치고 피지오겔꺼 좋았어서 삼,4,건성
80,유명한 제품이라 믿고 구매한건데 다소 아쉬웠습니다 며칠 사용하니 좁쌀이 올라와요...,3,복합성
81,폼클렌징은 순한거같아요 화장을 잘지워지진않아요 ㅜㅜㅋ,3,복합성
82,음........좋긴한데...세정력도 좋고 ...근데 저한테는 쪼오금 많이 건조했어요ㅠㅠㅠㅠ아쉽네용,3,지성
83,세정력은 어차피 2차세안용이라 잘 모르겠구.. 그냥 머르겠어요 … 걍 폼클렌징 .. 전 몸에 선크림 발랐을 때 얘로 지워주는 중 .. 재구매는 안할 거 가타요 ㅠㅠ,3,복합성
84,순한것 같은데사용하기에는 튜브용기가 너무불편하네요 끝까지 사용하기 너무힘들어요,3,복합성
85,마녀공장 클렌징 제품들은 많은 분들이 만족하며 사용하는거 같아요! 가격도 저렴하고 좋아요! 다만 메이크업은 오일로 1차세안을 하고 사용해도 완전히 뽀득한 느낌까지 안나는거 같아요,3,복합성
86,클렌징이 잘 되진 않지만 어느정도 되고 좋아요 무난하게 쓰기 조아요 하하,3,복합성
87,여드름 피부용으로 구매를 했는데 잘 사용을 하도록 하겠습니다.,3,복합성
88,자극도 없고 그냥 무난무난 합니다.  근데 피부타입도 잘타지 않을정도의 무난함인걸 감안하세요,3,건성
89,"세정력 좋은 클렌징 제품 찾아보다가 구매했어요!!피부 자극도 덜하고 거품이 쫀쫀하다고 해서 기대했는데,아토피+민감+건성 피부인 저는 사용 후에 따가움, 당김을 심하게 느꼈어요 ㅠㅜ 특히 눈주변이 심하게 올라오더라구요여드름+복합성 피부가 사용했을 때는 세정력 좋고 여드름에도 효과가 있는 것 같다고 했어요!",3,복합성
90,아무래도 남자들에게 뭘 바르는 걸 귀찮아하기에 산편하게 사용할만한 템을 찾고 있었는데 아이디얼 포맨에서 나온 올리브영 로션이 제격이더라구요 맨즈케어 브랜드를 아시는 분들은 이미 알고 계실텐데요 올리브영 남성 브랜드 매출 기준으로도 무려 누적 판매량 100만개를 돌파했다는 점에서 그저 잇템 그 자체에요 거기다 이번 기획세트로 튜브형까지 한꺼버넹 만날 수 있으니 아주 알차더라구요 거기다 여러가지 화장품을 발라줄 필요도 없답니다 로션 하나만으로도 수분케어부터 시작해서 칙칙한 피부에 주름개선 미백 보습 탄력 피부결 밸런싱까지 7가지 남성 피부 고민을 한번에 관리할 수 있었어요 그리고 피부 자극 테스트와 탄력 개선 효과를 완료하여 얼굴에 자금감 없이 순하게 사용하기 좋았어요 거기도 펌핑 용기로 이루어져있다는 점에서 매일 위생적으로 사용하기 좋았어요,4,복합성
91,아빠께 선물드린 제품이에요! 후보가 3개정도 있었는데 중간정도의 보습 기능을 가진것 같아 드렸는데 봄철인 요즘에는 건조함이 느껴지신다고 합니다ㅜ 요즘이 정말 건조한 편이긴 하잖아요~ 그래도 초여름에는 오히려 부담없이 끈적임없이 쓰실 수 있을것 같아요,4,복합성
92,매번 쓰는 올인원 제품! 좋아요’ ! 요번에 1+1에 샘플까지 있어서 만족해요!,4,복합성
93,솔직히 좋은건 모르겠고 그냥 무난~~ 쓰고 피부가 좋아진걸 못느낌,4,복합성
94,발림성도 좋고사실 화장품 말고 호호와 거난이키링 때문에 사서남자친구 줬어요여행용으로 좋은거같아요한겨울에 쓰기는 보습이 부족한 느낌건성보다는 복합성이 쓰기 좋을거같아요키링은 차키에 걸고 다녔는데1주일도 안돼서 분실 ㅠ3ㅠ,4,복합성
95,올인원 제품이라 남동생이 쓰기 편할 거 같아서구매했습니다! 향은 좋지도 나쁘지도 않고 그냥 그래요다만 남성 제품 특유의 강한 향은 아니라서 괜찮았고동생한테 써보니 어떤거 같냐고 물어봤는데 보습과 산뜻함이 오래 지속되는 편은 아니지만촉촉한 편이며 나쁘지 않다고 하네요^^,4,복합성
96,"건성피부에 좀더 좋을 듯 하고, 개인적으로는 좀 끈적거리는 듯한 느낌. 제품 설명만으로는 프레쉬 올인원과 퍼펙트 올인원의 차이점이 잘 느껴지지 않는데, 둘다 사용해 보니 내 경우는 프레쉬 올인원이 더 맞는 듯 함.",4,건성
97,"가격도 착하고, 제품도 착하고 좋아요.다음에 재 구매할께요.",4,지성
98,신랑이 진짜 로션안바르는데이건잘발라요진짜 맘에들어요잘쓰고있어요향도무난하구요기능도충실하구요보습또괜칞구 씻구바르면착붙는대요,4,복합성
99,간편하게 하나만 사용해도 부족함이 느껴지지 않고 피부에 자극적이지 않아서 남편이 너무 좋아하네요!,4,복합성
100,"지성분들께 좋은 폼클렌징이라고 생각합니다뽀득뽀득 닦이는걸 좋아하시는 분들께 추천드리구요여름철이라 유분폭발해서저는 약산성 클렌징폼으로는 부족하구요여름철에는 무조건 이겁니다👍🏻리뷰가 도움이 되셨다면, 밑에 엄지척 눌려주세요🙏🏻",4,지성
101,클렌징 오일을 구매하고 안에 샘플로 들어있는 클렌징폼을 사용했는데 자극도 없고 세정력도 좋아서 세일때 구매했어요 세일할때는 2개에 9900원이어서 가성비가 좋아요 거품이 정말 부드럽고생크림을 얼굴에 바르는것같아요 닦아낸 후에도 당김없이 촉촉해서 아주 좋아요 클렌징 제품은 마녀공장이 가장 좋은것 같아요👍👍👍,4,지성
102,클렌징폼은 약산성도 사용하는데 클렌징 후에는 항상 마녀공장으로만 사용하는 것 같아요! 깔끔하게 지우는 느낌도 들고 개운해요!,4,복합성
103,건성이지만 약산성제품이랑 번갈아가면서 사용하려고 합니다~ 거품이 쫀쫀합니다! 사용후 당김이 느껴집니다~,4,복합성
104,일단 1+1에 11000원이라 구매했는데요향이....플로럴 계열 향인데 일반적인 꽃향기가 아니라 전 좀 불호였어요..세안할때마다 아 맞다 이거 이향이었지 가 생각나는.. 세정력도 그닥..그냥 무난하게 사용하기좋아요. 유명하길래 구매해보ㅓㅆ는데 향때문이라도 재구매는 안할것같네요,4,건성
105,제품이 순해서 크림형이라서 그런지 세정도 좋구요 지성인 피부가 써도 뽀드득 소리나서 잘 씻겨서 만족해요,4,지성
106,"🔸한달사용리뷰입니다🔸▫️특징-잔여감 없는 뽀득파 폼클렌징-소량으로도 거품이 많이남, 쫀쫀하고 부드러운 거품임 -세정력 좋은편(선크림정도o, 쿠션or파데까지는x)-가성비 좋음(올영세일때 원플원 9천원대 구매가능)▫️아쉬웠던 점-본통에 울트라 모이스쳐라고 쓰여있지만 건조함-건성이 아님에도 세안하고 얼굴 당김 있음(지복합 기준)▫️추가아침에 쓰기에는 너무 건조해서 딴거쓰고,맨날 선크림발라서 저녁에만 딥클렌징용으로 써요 약간 시세이도 폼클이 생각나는 사용감이라 그거 좋아하시는 분들은 딱 좋아할만한 제품이에요 건성에겐 비추입니다리뷰가 도움되셨다면 밑에 ‘도움이 돼요’ 한번씩 눌러주시면 감사하겠습니다!☺️",4,복합성
107,랭킹에 있길래 아묻따로 샀는데 무난하니 좋은거 같아요 계속 써봐야 알수 있을듯,4,복합성
108,좋른제품입니다세정력보다는 순해서 사용하기 좋아요가벼운 화장에 추천,4,복합성
109,진짜 좋아하는 클렌징폼입니다~자극도 약하고 잘 닦여서 진짜 좋아해요!!쟁겨두고 쓴느편입니다,4,복합성
110,오..이거 진짜 완전 보습제입니다 너무 촉촉해서 머리가 매일 떡집니다 극게 제일단점그래서 머리주변 노세범 ㅊ필수 ^^ ㅋㅋ겨울에 쓰기 좋은 제품 여름에 쓰면 기름좔좔좔일거같아요 ㅎㅎㅎㅎ하지만 전 건성이라 넘 조아요 초ㅜㄱ촉하고~~물광피부~~!,3,건성
111,민감성피부 얼굴에 바르기엔 많이 기름짐보습력이 뛰어나서 건조한 날씨에 몸에 바르기에 좋음가벼운 제형성분이 좋음,3,건성
112,오.. 대박… 아토피 때문에 샀는데 이마에 좁쌀이 엄청 생겼어요! 겨울에만 써야될 거 같아요 완전 번들번들거림,3,건성
113,늘 ㅇ ㅐ용하는 ㅈ ㅔ품입니당 좋ㅇ ㅏ요! 또 구매할게요 ~~! 항상 구매해놓는 제품입ㄴ ㅣ당 ! 늘 ㅇ ㅐ용하는 ㅈ ㅔ품입니당 좋ㅇ ㅏ요! 또 구매할게요 ~~! 항상 구매해놓는 제품입ㄴ ㅣ당 ! 늘 ㅇ ㅐ용하는 ㅈ ㅔ품입니당 좋ㅇ ㅏ요! 또 구매할게요 ~~! 항상 구매해놓는 제품입ㄴ ㅣ당 !,3,복합성
114,이거 바르면 얼굴이 따가움. 얼굴이 전체 다 붉어지면서 화끈거리고 아픔 ㅠ 솔직히 보습력은 진짜 좋은거 같은데 내 피부가 예민까진 아니어도 제품 바이 제품 타는 것은 맞는 것 같음.  다행히 샘플먼저 써봐서 본품은 안삿음. 이건 남친이 사고 리뷰를 내가 쓴거임,3,복합성
115,예전에 엄청 순하게 잘 썼던 기억이 있어서 여러번 재구매한 아이템이에요! 요즘 워낙에 제 피부가 예민해서 그런지 살짝 안맞는 느낌이 조금 들구요. 제형이 좀 더 꾸덕해진 느낌? 얼굴이 살짝 촉촉한 상태에서 바르는게 좀 더 부드럽게 발려요,3,건성
116,처음써보는데조금 무거운 느낌은 들지만추울때 사용하면 좋은거 같네요,3,복합성
117,피부과 시술후에 사용하려고 구입했어요.나이가 있어서 항상 리치한거만 사용하다가 가볍네요,3,건성
118,예전에는 좀 기름지다 느껴졌는데 지금은 그때보다 가벼운 느낌? 암튼 보습으로 막 편하게 덧바르기 좋고 부드러워요. 향이 없는것도 좋아요.,3,복합성
119,건성분들의 겨울필수템저는 지성인데 요즘 겨울되서 너무 건조하길래샀더니 저한테는 좀 많이 리치하네요덕분에 핸드크림처럼 잘 사용중이에요,3,건성
120,다좋은데 박스랑 제품이 왜다 찌그러져서 오나요 ㅜㅜ신경좀써주세여,1,복합성
121,"제품은 모르겠는데, 올리브영으로 배송을 백만원 넘게 시켜봤지만 박스가 찌그러져서 온 것도 처음이고 제품 부서져서 온 것도 처음이네요 제품쓰는데는 지장 없을 것 같아서 교환은 안하는데 배송에 신경 부탁드립니다. 몇일 전 배송온 것도 박스가 반이 찌그러졌더군요",1,복합성
122,세일하길래 2월에 구입해서 기존에 쓰던 클렌징오일을 다 쓰고 이번 제품을 사용하는데 전에 쓰던 것과 달라요.손에 짜면 오일이 굳어져서 하얗게 뭉쳐있어요. 그래서 얼굴에 뻑뻑하게 되어 있어요. 클렌징오일 사용법은 달리 해야하는건지..뭐가 달라진거죠? 좀 당황스럽네요.,1,건성
123,유트루 동영상보고 피지를 녹여보자 하는 마음에 샀는데 피지는 무슨 하나도 안사라지고 도리어 좁쌀 폭팔입니다 효과 1도없어서 집에 방치중이네요 오일이랑 안맞는지 역시 워터짱,1,지성
124,배송오자마자 클렌징 하기전에 손목에 테스트를 해봤어요.세정력이 어느정도일까 하고 했는데 하고나니 아토피같이 나고 붉어져 있더라고요 따갑고...사기전에 저처럼 됐다는 후기들을 봤는데 민감성 피부만 그런줄 알았어요ㅜㅜ 난감하네요,1,보통이에요
125,전에는 제형이 꾸덕꾸덕해서 피지나 각질이 잘 딸려나갔었는데 지금 제형은 많이 묽어졌어요ㅠㅠ허브도 써보고싶었는데 증정으로 와서 좋아요!,1,복합성
126,다 새서 왔네요…. 대체 뭘하면 뚜껑이 깨질수가 있죠..? 이미 박스를 뜯어서 반품은 못하지만 좀 기분나쁘네요..^^,1,복합성
127,좋다고해서 삿는데...두번에한번짤때마다 저렇게 나오네요 왜그런거죠;;;,1,건성
128,"원래 그냥 돌아다니다가 로드샵 클렌징오일을 사용햇는데 엄청 좋았어요,, 제일 싼거 산거여도 만족하고 쓰고있엇는데 올영 간김에 올영에서 제일좋다는거 산건데 별로에요 세정력도 안좋고 물묻혀서 한번더 갂아야하는게 귀찮구요 원래 클렌징오일을 사용하면 피부가 뽀득해지는? 깨끗해지는 느낌이 잇엇는데 이제춤른 개운하지도 않고요,, 갖다버리고싶어요",1,지성
129,아토피에 초민감성 피부입니다.. 발효성분이 잘맞는 피부인데 이거쓰고 피부과 오지게 다님ㅎ.. 얼굴이랑 목에 아토피가 올라올정도로 안맞고 얼굴이 가려워서 거의 일주일동안 고생했었어요ㅠㅠ 다들 좋다해서 샀는데 저한테는 안맞았어요ㅠㅠ,1,건성
130,일단 제조일이 1년이 넘은 상품이네요 재고 처리인지.. 안그래도 대용량인데 유효기간이 짧아 아쉬워요. 그리고 이미 여러 리뷰들 처럼 제형이 좀 더 꾸덕한 느낌이에요. 여태 5통 넘게 썼는데 살짝 실망 했어요 그래도 물 좀 묻혀쓰면 비슷해서 한번 더 믿고 써봅니다,2,복합성
131,좋다고하고 유명하기도해서 사봤어요ㅎㅎ기대엄청하고 언니가 사용해봤는데 세정력은뛰어났으나 엄청자극적이었는지 물로씻고나서 얼굴이 화끈거린다고해서 보니 얼굴전체가 다 빨갛게되있고 따갑다고하드라고요 우선 임시방편으로 메디힐 진정마스크해주고 했는데...너무놀라서 저도 덩달아 사용하고 저렇게될까봐 못쓰겠어서ㅜㅜㅜ 고민됩니다ㅜㅜㅜ언니피부는 지성이고 민감정도는 심하진않습니다ㅎ,2,복합성
132,블랙헤드용으로 샀는데 하나도 안빠지고 피지 더 도드라지고 모공 넓어지는것 같아요..,2,복합성
133,오일리하고 순해서 좋은데 당김도 없고... 그런데 블랙헤드가 안 없어져서 너무 아쉬워요 ㅜㅜ 제일 기대했던 부분인데,2,복합성
134,원래 잘 사용하고 있었는데 할인해서 재구매했어요그런데 패키지가 다시 예전꺼로 바뀌었더라구요? 아예 다시 바뀐 건지 예전 제품을 파는 건지는 모르겠지만 예전 제품 쓸땐 안그랬는데 유화시킬때 물을 적게 쓰면 얼굴에 클렌징오일이 덩어리지는 식으로 남아요 ㅠㅠ 왜구런건지 모르겠어요.. 물 충분히 적시면 유화되긴 합니당.. 제품에 변화가 생긴건지 모르겠네요,2,건성
135,"불랙헤드 제거에 좋다고 해서 썼었는데ㅜㅜ 저한테는 정말 안맞는것같아요..... 제가 항상 클렌징폼으러만 세안하다가 처음으로 클렌징오일을 이 제품으로 썼는데 블랙헤드는 거의 하나도 안없어고 피부 트러블만 일어났어요ㅜㅜㅜㅜ 제가 복합성피부라서 그런지 모르겠지만ㅜㅜ 평소에 트러블도 안 생기던 피부인데 이거로 세안하고 나서 갑자기 그렇게 되더라구요ㅜㅜ 지성, 복합성피부이신 분들께는 비추입니다ㅜㅜㅜㅜ 그에 반해 엄마는 건성인데 괜찮아하시더라구요 건성인분들은 쓰기에 괜춘하실것같아요!",2,건성
136,"블랙헤드를 없애 보려는 요령으로 클렌징 오일을 찾고 있었는데 마녀공장 거가 유명하더라구요! 그래서 사 봤는데 생각보다 별로였어요...ㅠ 블랙헤드든 화이트헤드 피지든 아무것도 없어지지 않고 그대로에요ㅠㅠ 유×브에 나오는 블랙헤드 없애는 여러가지 방법을 찾아서 고대로 따라해봐도 제 코는 여전하더라고요... 어떤 사람은 몇 분동안 계속 하고 있으면 피지가 나온다고도 하는데 저는 잘 모르겠어요그리고 이 클렌징 오일로는 아이라이너나 마스카라는 다 지워지지 않았어요. 피부화장, 입술, 섀도우 정도는 지워지는데 진한 눈화자은 밀끔히 지워지진 않더라고요. 그래도 순하긴 해서 그런지 오일쓴다고 여드름이 더 난다거나 하진 않았어요!! 다행히도그렇지만 굳이 재구매를 할 것 같지는 않네요^^",2,복합성
137,화장안하는 남자이고 오로지 블랙헤드 없애려고 구매했는데처음 몇번은 사라지는 것 같더니 효과가 거의 없는 것 같아요사용하고나서 얼굴이 땡기거나 그런건 없어요,2,건성
138,"✔️피부타입 - 지복합성✔️세안방식 - 클렌징오일 후 약산성 클렌징폼 이중세안✔️사용후기 - 기대를 너무 많이 했나봐요. 기존에 사용하던 클렌징오일은 아이라인도 지워질 정도로 세정력이 좋았는데 그 제품에 비해 세정력도 떨어지고, 개인적으로 유화과정도 사용감이 별로였어요. 어차피 블랙헤드랑 화이트헤드 제거에 효과가 있다고해서 구매한거였는데 효과가 없네요.",2,복합성
139,클렌징 티슈로 일차 화장한것을 지우고 오일로 마무리롤링하고 세안하는 식으로 하는데...롤링 투 폼으로 변한다고구매했는데...세정력자체가 약하고 화장이 남아있어요...거품으로 변한부분도 물로 깔끔하게 세척되지않아 실망입니다...대신...당기거나 하는건 없어요...,2,건성
140,"이마 턱 부분에 좁쌀 , 화농성여드름이 나는 피부타입이라 기존 약산성쓰다가 약알칼리성 폼클렌져인 마녀공장 제품으로 바꾸었는데 한 4번 쓰니까 이마에 뾰루지가 더심해졌어요 세정력이 쎈편인거같은데 코쪽에 하얀 피지는 거의 안없어져요 좁쌀없애보려구 약알칼리성 도전했다가 이마 트러블 더 번짐 예민하신 피부분들은 조심하셔야해여",2,지성
141,내용물은 진짜 너무 열심히 잘 쓰고있거든요🫣💓세정력 좋고 저는 이거 쓰면 피부 트러블이 잘 안올라와요근데 용기 위에 노란색 프린트좀 안해주셨으면 좋겠어요 제발ㅜ 쓰다보면 겉에 프린트?가 벗겨져서 가루가 막 떨어져요.. 손에 묻고.. 감당이 안됩니다.. 가루 때문에 씻은게 씻은 것 같지도 않고.. 그래서 용기 옮겨 담았어요😅다 좋으니까 노란색으로 프린트?하는거 그것만 바꿔주셨으면 좋겠어요...,2,복합성
142,아.... 이거 쓰고 피부 한동안 좋던거 확 뒤집어졌어요 딥클렌징이니까 세정이 덜돼서 그런것도 아닌거 같고 애초에 클렌징오일을 하고 2차세안으로 쓴거거든요ㅠㅠ 전에 친구가 좋다고 하길래 구매해본건데 재구매는 안할거같고요 가족들이 얼른 다 써버리길 바라야겠어요^^ㅠ 저는 마녀공장 제품이 전반적으로 안맞는 피부인거같고 맞는 분들은 잘 쓰실거예요 가족들은 잘 쓰더라구용..,2,지성
143,저는 너무 별로였으나 제 친구가 사달라고 하여 사준 결과 너무 잘쓰네요 역시 사람바이사람.. 성분 잘 보시고 구매하시면 좋을거같아요,2,지성
144,당근에 넘겼습니다 제 피부에는 너무 안맞아서..! 트러블 유발하는거 같음ㅠㅠ 이미 뜯은 하나는 손에 묻은 선크림이나 틴트 지울때 쓰는중이에요 세정력은 끝내주니 딥클렌징 맞습니다,2,지성
145,뽀득뽀득 닦이긴 하는데 제 피부엔 맞지않는지 트러블이 좀 올라오네요. 몇번 쓰다가 동생 줬어요. 동생은 예민하지않고 트러블 잘 안나는 무난한 피부라 잘쓰는듯해요,2,지성
146,저한테 안 맞나봐요 기초제품도 뭣도 바꾼게 없는데 이 클렌징폼 쓴 이후로 좁쌀이랑 뾰루지가 올라옵니다 ㅠ… 원래 쓰던걸로 바꾸니까 가라앉음… 거품은 되게 잘 나고 무향에 자극도 없는 건 맞는 듯 한데 성분이 저랑 안 맞나봐요 속상하다 …,2,복합성
147,매장에서 매대 상단에 잘 보이는데 있고 .. 요즘 가뜩이나 약산성 뜨는데 얘도 당연히 약산성인줄 알고 샀는데 완전 센카 국내버전이예요. 세수 딱 하도 나면 수건으로 물기 안닦아도 급속도로 건조함이 밀려와요. 세정력은 둘째치고 너무 건조해져서 손이 잘 안가요,2,지성
148,세일할때 폼클렌징이랑 같은 브랜드로 맞춰보려고마녀공장 클렌징 오일이랑 폼이랑 같이 구매했어요일단 1+1이라서 세면대랑 샤워부스에 두고 쓰기 좋겠다고 생각해서 가성비 좋다 생각하고 구매했습니다같은 브랜드의 오일과도 궁합은 괜찮을거 같아서오일이랑 3일 써봤는데 너무 자극이 심해요 거품이 입술이나 약한 피부에 닿아있을때 따가움이 느껴졌구요 그로인해 2차세안을 꼼꼼하게 하는 저는 굉장히불편했어요 빨리 헹구고 싶다는 생각밖에 안들더라구여오일은 무겁지 폼은 빨리 헹궈야되지 그래서 그런가트러블이 올라오기 시작했습니다 4일차에는 아침세안까지만 하고 사용을 멈춰야했네여코 주변이 따가워서 더는 사용하지 못했습니다 입술 산도 빨개지구여 모두에게 잘 맞는 제품은 아니겠지만저한테는 안맞아도 너무 안맞네요 오일이랑 폼이랑 사는데 괜한 돈 낭비만 했습니다,2,지성
149,"🍋피부타입복합성+민감성+홍조 피부입니다.🍋구매동기메이크업 후 이중세안용으로 구매했어요. 평소 아침이나 메이크업을 하지 않았을 때에는 약산성 클렌저를 사용하고, 메이크업 후에는 뽀득한 마무리감의 세정력이 좋은 클렌징폼을 사용하고 있어요.🍋거품일단 처음 짰을 때는 매끈한 느낌이고, 손에서 거품을 만들면 쫀쫀하게 만들어져요. 거품 입자가 엄청 촘촘하지도 엄청 크지도 않은 적당한 정도이고 거품이 잘 만들어져요. 🍋사용감 및 세정력먼저 향이 조금 있는데 제 취향은 아니었어요. 세안 후에 뽀득뽀득하게 마무리되는데, 그에 비해 세정력은 그닥이었어요. 클렌징오일/워터/밀크 등 다른 제품 사용 후 이차세안용으로 사용하는 건데도 얼굴에 뭔가 남아있는 느낌이 들었어요. 그러다보니 클렌징폼 세안을 여러 번 하게 되더라구요ㅠㅠ🍋자극뽀득뽀득하게 마무리되는 클렌징폼 중에 자극이 있는 제품들이 많은 편인데, 마녀공장 클렌징폼도 저에게는 자극이 느껴졌어요. 눈도 얼굴도 따가웠는데, 거기에 더해 세정력이 좋지 않아서 여러 번 세안하게 되다 보니 더 자극이 강했어요.🍋총평우선 민감성인 분들은 비추이고, 예민하지 않은 분들이 쓰기에는 애매하다고 생각해요. 어차피 세정력이 좋은 편이 아닌데 뽀득한 걸 선호하는 게 아니라면 차라리 마무리감이 촉촉하고 부드러운 약산성 제품을 사용하는 게 나은 것 같아요.",2,복합성
150,트러블성 피부라 메디힐 마스크팩 티트리만 사용하고 있어요.메디힐 마스크팩은 가성비 아이템이죠. 세일때 무조건 쟁이면 좋습니다.트러블이 올라오려고 하거나 홍조가 올라올 때 세안 후 붙여주면 열감이 가라앉고 다음날 일어나면 진정이 돼서 트러블도 들어가거나 작아져요.성분도 좋고 가격부담도 없어 수시로 사용하고 있는데 언제나 만족합니다.전에 붙였는데 트러블이 더 심해졌던 적이 있었어요.근데 팩 때문은 아니었는지 며칠 지나서 다시 사용하니 또 괜찮더라고요.시트 밀착력이 뛰어나서 붙이고 다른일 해도 떨어지지 않고 두께도 적당해서 금방 마르거나 하지 않아요. 에센스양도 충분해서 팩 꺼낸 후 남은 에센스는 온몸에 다 발라줍니다.,5,건성
151,티트리 마스크팩 일주일에 세네번은 사용하는 것 같아요.자극 없고 피부가 편안한 느낌이에요.피부가 진정 되면서도 보습력도 꽤 좋습니다.메디힐 마스크팩은 믿고 써요💕겨울에는 팩 후에 크림도 발랐는데 요즘에는 팩만 하고 남아 있는 에센스만 두드려줘서 흡수시켜주는 것만으로도 충분해요^ ^,5,건성
152,너무 많이 써서 벌써 리뷰도 10번 넘게 쓴 것 같아요 ㅎㅎ그냥 진정 마스크팩하면 이 팩이 최고인 것 같아요!가성비도 좋고 효과도 좋고 밀착력도 굳굳!!매일 사용해도 부담이 없어서 1일 1팩하는 분들에게도 추천합니다~~!!,5,복합성
153,제 최애 마스크팩입니다~ 앞으로도 꾸준히 사용할 예정인 제품이에요!!피부가 예민할 때 진정용 마스크팩으로 딱 좋습니다!!,5,복합성
154,메디힐 마스크팩 순위 높은 이유가 있네요 🤍닦토만하고 팩하니 확실히 진정되는 느낌이에요,5,복합성
155,"정가 2,00원인데 할인해서 1,000원에 구매하였는데 최저가는 아니니 참고하세요.1. 유통기한은 2025년 12월 6일까지입니다.2. 자극없이 순하며 에센스 양도 적당해서 목까지 바를수 있습니다.3. 밀착력도 평타는 하며 다른것 보다는 확실히 피부진정에 도움이 됩니다. 현재 제 피부 상태가 예민한 상태인데도 불구하고 자극을 전혀 느낄수 없어서 좋았습니다.4. 1일 1팩보다는 진정이 필요하실때마 사용하심이 좋을듯 합니다.가볍게 사용하실 용도로 추천합니다.",5,지성
156,이제 햇살도 따가워지고 해서 진정용 시트 마스크 찾았는데 역시 메디힐이네요!!,5,복합성
157,피부가 자극받았거나 열감있고 붉어져서 트러블 나려고 할 때 쓰면 진정됩니당...,5,복합성
158,"정가 2,000원인데 할인해서 1,000원에 구매하였는데 최저가는 900원이니 참고하세요.1. 유통기한은 2025년 12월 6일까지입니다.2. 밀착력도 우수하며 자극 없이 순합니다.3. 어떤 제품은 붙이고나서 자극이 느껴지는데 제 피부가 애민한데도 불구하고 자극을 느낄수 없었습니다.4. 에센스용량도 기본이상은 하여서 남은용량으로 목부분까지 브리고 있습니다.5. 1일 1팩보다는 피부가 민감하실때 사용하시면 도움이 됩니다.",5,지성
159,"유통기한이 2025년 12월까지입니다티드리 성분이다보니 피부진정에 도움이 됩니다민감성,건성피부에게 잘맞는 제품입니다밀착력도 기본은 하며 자극적이지 않습니다1일 1팩 보다는 피부가 건조하실때마다 사용하시면 도움이 되니 참고바랍니다",5,지성
160,⭐️한줄평⭐️-무난하고 딥클렌징 하는 클렌징폼 찾으시면 강추입니당👍✔️거품이 쫀쫀해서 모공까지 딥클렌징이 가능한 폼클렌저 같았어요!!! 그리고 소량만 짜도 거품이 많이 나서 좋았답니당 !! 향은 약간 베이비파우더 향 비슷하게 나는 거 같았어요! 원플원인데다 가격도 비싸지않아서 가성비와 무난한 폼클렌저 찾으시면 강추드려용!!,5,복합성
161,마녀공장 클렌징폼 한달후기에요👋🏻생크림 폼제형이라 아주 부드러우면서 딥클렌징되어서아주 만족스러워요 ㅎㅎ 1+1이라 양도 넉넉해서 한참 쓸 수 있을 것 같아요,5,건성
162,딥클렌징 되는게 피부로  와닿아 느껴져요 촉촉하고 잔여감이 없어요,5,건성
163,자극이 순한데 화장이 이렇게 잘 지워지는 제품은 마녀공장 밖에 없는 것 같아요 저희 부모님도 세수하실 때 이 제품 아니면 아쉬워 하시더라구요 ㅋㅋㅋㅋㅋ 특히 어머니가..^^ 세안하고 나서 건조하지 않아서 좋다고 하셨어요 다들 무난하게 쓰실 수 있는 제품인것 같아요,5,복합성
164,마녀공장 클렌징폼은 항상 이용하는거 같아요!!세정력이 좋아서 마음애 들고 뽀득뽀득함!!원플원행사할때 바로 쟁여두었답니당거품도 잘남!!,5,복합성
165,폼 클렌징 유목민에서 벗어나 마녀공장으로 정착한 이유 💕  🌱 건성피부인데 2차 세안으로 폼클렌징을 사용해도 당김이 전혀 없어요.🌱 소량만 사용해도 크리미한 거품이 생겨요🌱 워낙 가성비가 좋은 제품인데 행사를 하면 더 이득이라 이번에 기획세트 2개 쟁여두었어요.마녀공장 폼클렌징 안써본 분 없겠지만 혹여나 고민중이라면 특히 민감성과 건성피부에 추천 드려요^^,5,건성
166,폼은 캡 타입 용기로 편리하네요 ㅎㅎ생크림 제형으로 쫀쫀해요.,5,복합성
167,자극없고 세정력 괜찮아서 꾸준히 구매해서 쓰고 있어요가격 할인할때 구매하면 이득!,5,복합성
168,마녀공장 클렌징오일 사용하다 너무 만족 해서 클렌징폼도 바꾸게 되었어요 ㅎㅎ,5,건성
169,마녀공장 클렌징폼은 처음인데 약산성 약알칼리 클렌징폼 번갈아 사용하면 좋다고 해서 구매했습니다 거품이 쫀쫀하고 좋아요 더 써보고 한달 뒤에 또 후기 남기겠습니다,5,지성
170,"저는 수부지/트러블이 올라오는 피부인데...좁쌀여드름이 올라와요.이마쪽에 계속 올라와서..그런데 또 큰 여드름은 안올라오네요. 일단 조금더 써보려구요.아주아주 묽고, 향은 없는거 같아요.",3,복합성
171,"(약간 건조, 민감함/평소에는 괜찮지만 주기적으로 트러블이 생기는 피부/끈적임 없는 기초, 메이크업을 좋아함)*리뷰 점수는 주관적으로, 최저1️⃣-최고5️⃣점 입니다.✔️진정 3️⃣솔직히 진정 효과 보고싶어서 샀어요..ㅎ ‘다 필요없고 진정템은 이거 하나면 된다!!’ 급의 수 많은 리뷰들을 보니 써보고싶더라고요🥺 진정에 있어서 꽤나 잘 맞는 어성초 성분도 77%나 들어가서 혹했나봐여ㅎㅎㅎ  일주일정도 사용하면서 진정되는 부분도 있었지만 트러블이 생길 곳은 그래도 생겼어요ㅎ 다른 진정제품들처럼 어느정도의 효과는 있었지만 드라마틱한 변화를 기대하면 저처럼 실망할 수 있습니당! 기대가 너무 컸기때문에 점수를 많이 못줄것같아요✔️보습 4️⃣(원하던 정도->5점)일반적인 물토너 정도입니다. 저처럼 찐득하게 느껴지는 촉촉 토너보단 깔끔한 닦토를 선호하는 분들이라면 좋아하실 제형입니다. 발랐을때는 촉촉하지만 오래 가지는 않아서 바로 로션이나 크림류를 발라야했어요. 닥*지 레드블레미쉬? 보단 묽은 느낌?✔️자극 5️⃣(없음)크게 자극을 느낀 적은 없어요. 무향의 정말 물 같은 매력(?)진정관련 제품을 쓸 때도 피부 컨디션이 나쁠 땐 따가움을 느끼는 피부임에도 괜찮았습니다. 다만 화장솜으로 스킨팩을 하면 때에 따라서 약간의 자극이 느껴졌어요.✔️추천산뜻한 물제형으로 복합성, 지성에게 추천드리며 심하지는 않은 민감성까지 괜찮을 토너입니다. 진정, 가성비에 있어서는 시중 다른 진정토너에 비해 월등하다..!라고는 못 할 것 같아요ㅜ 그냥 무난무난 닦토!",3,복합성
172,자극 없이 순한 토너는 맞는데 되게 좋은지는 모르겠어요 인스타에서 bts 멤버가 쓴다고 하도 뜨길래 궁금해서 샀는데 기대가 너무 컸던 건지 저는 그냥저냥 그렇습니다 좁쌀 여드름이나 뾰루지에 좋다고 하는데 아직은 모르겠구요 향이나 점성이 강하지 않아서 쓰기는 편해요 호불호 갈리는 요소가 적어서 예민하지 않은 분들은 다 편하게 잘 쓰실 것 같습니다 용기도 광택 없는 플라스틱 용기라 깨지지 않아서 좋고 쓰기 편합니다 물같이 흐르는 제형으로 닦토하기에 딱 좋아요 양도 많구요 팩으로도 써 봤는데 개인적으로 팩으로 쓰는 건 비추입니다 효과가 있는지 모르겠어요 온시려 간지러운 것 같기도 하고~ 닦토용으로 추천해요,3,복합성
173,바르고 나서 끈적임이 전혀 없어서 좋았어요쓴 지 얼마 안 돼서 아직은 잘 모르겠지만 좋아요,3,지성
174,오늘구입..사용을 해봐야겠네요..오잉~~~~뽕.,3,복합성
175,안그래도 유튜버가 추천해서 사려고 알아봤던 토너인데 가격이 좀 있어서 사려다가 그냥 말았었거든요.  근데 올리브영에 입점되면서 좀 더 할인해서 팔길래 바로 구입했어요.대용량 토너라 팍팍 쓰기 좋고 바르는 용보다는 토너 팩으로 주로 사용하는데 진정 효과가 유튜버 분이 추천하신 것 만큼은 아니었어요. 사용감이 순하긴한데 그냥 쏘쏘한 정도? 였고 제형은 그냥 딱 물 토너에요.  그리고 바르는 용으로 쓰면 날라가는 느낌이 들면서 피부가 좀 당기는 감이 있더라구요. 잔여감도 없고 어성초 성분이 77%로 많이 들어있어서 성분은 좋은 것 같은데.. 사용감이 기대만큼은 아니었던 것 같아요🤔,3,복합성
176,이거 진정과 좁쌀에 좋다고 해서 구입해본 제품인데요. 피부컨디션이 오락가락해서 진정에 관심이 많아 이것저것 사용해보곤 해요. 어성초가 진정에 좋다고 유명하긴 한데 솔직히 잘 안 맞는 건지 진정효과를 전혀 느끼지 못하고 있어요. 일단 일반 물이라고 해도 믿을 만큼 워터타입에 미끌거리는 느낌은 전혀 없고 용량이 넉넉해서 토너팩 같은 거 하기에 팍팍 써도 잘 안 줄어드는 점이 좋아요. 저는 진정에 효과를 못봤지만 어성초 잘 맞는 분들은 좋은 후기들도 많으니 한 번 사용해보시는 것도 좋을 것 같아요. 유분감 거의 없고 보습력도 중이하인 말그대로 물 같은 제품이라 사실 어떻게 쓰는 게 최선인지 잘 모르겠어요. 무매력이 매력인걸까요..?,3,지성
177,🤎 맑고 순하고 무난한 토너 원래 토너패드를 많이 사용해서 한동안 토너를 거의 사용하지 않았는데 아누아 어성초 토너가 되게 유명하고 좋다고 하길래여름 준비 겸 구매해봤어요!일단 한 일주일동안 사용해보니깐 딱 느낌은 맑고 끈적임없고 자극없는 물토너라는 느낌이었어요!저는 사용할때 토너패드로 한번 닦고 이 토너는 흡토로 사용하는데 물토너이다 보니 끈적임이나 잔여물은 없어서 사용감은 좋았어요! 근데 그만큼 금방 날라가서 촉촉함은 크게 못느낀 것 같아요그리고 진정으로 유명하다 해서 산 제품인데제 피부가 어성초랑 잘 맞아서 그런지 이거 쓰고 트러블 많이 나는 피부인데 크게 뭐가 나지 않는거 보니깐 진정에 도움은 되는 제품 맞는 것 같아요! 하지만 정말 피부가 엄청 진정되는 느낌이 들진 않는다는 점?? 정말 딱 엄청 좋지도 나쁘지도 않은 무난한 데일리 토너인것 같아요! 약간 저는 독도토너랑 비슷한 느낌이었고 더랩바이블랑두 토너보다는 건조한 느낌이었어요 복합성/지성 피부가 닦토용 흡토용으로 무난하게 사용하기 좋은 제품인 것 같아요 !,3,복합성
178,"어성초가 피부 진정에 좋다고해서 한번 사봤어요. 저는 평소 닥터브로너스 유기농 소프트너 또는 아비브 어성초 패드로 주로 닦토하는데, 이 제품은 닦토보다는 스킨팩으로 다들 추천하시더라구요. 사실 귀찮아서 팩종류는 잘 안하는 편인데 어성초가 77프로나 함유되었다니 평소 안하는 스킨팩도 한번 해보려구요. 저는 햇빛알러지가 있어서 햇볕을 살짝만 쬐도 얼굴이 울그락불그락해지고 따끔거리거든요. 그래서 야외활동후에는 피부 쿨링 및 진정이 필수인데, 귀찮아서 팩은 잘 안하게 되더라구요. 앞으로 이럴때 어성초 토너를 스킨팩으로  활용하면 간편해서 자주하기 좋을 것 같아요.",3,복합성
179,냉장고에 두었다 쑤면 진정 시킬때 좋아요 스킨팩 하기도 조아욤,3,복합성
180,큰 진정 효과는 잘 모르겠지만 무난하게 잘 사용 중이에요 가성비 괜찮은 것 같습니다,4,건성
181,샤워하고 요ㅗ즘 바로바로 스킨 바릅니다 이거 물같아서 그냥 마구마구 부담없이 사용하는둥..입니다.. 그래서 양도 많은데 팍팍팍 쓰는둥 입니당. 허허 ㅎ 세일 할 떄 샀븐디ㅏ다 ㅇ아직 효과는 못봤지먄 막 ㅊ폭촉촉한 제품은아니거같아요데일리템..ㅋ,4,복합성
182,대용량이라 닦토하기도편하고 스킨팩이나진정에도좋아요~,4,복합성
183,닦토할때나 흡토할때나좋아요~어성초성분이잘맞아서 잘쓰구있어요,4,복합성
184,닥토로 쓰기도 좋고 그냥 레이어드로 여러번 쓰기도 좋아요~  진정이 막 된다는 느낌은 없는데 촉촉하고 순한것 같아요,4,복합성
185,"대용량이라 좋고 딱 닦토용이에요 물같은 점성이 없는 제형이라 끈적임 없는게 장점이지만, 바로 로션을 발라줘야할거같아요! 스킨하고 좀 지나면 건조하게 느껴져서,,",4,복합성
186,어성초토너세트로 세일기간에 저렴하게 구매해서 좋아요!!,4,복합성
187,트러블 진정용으로 구매했는데 부담없이 막 쓰기 좋아요~ 어떤 토너는 따가울 때가 있는데 자극은 전혀 안 느껴져요 다만 토너 바른 후에도 건조한 느낌이 좀 있어서 지성한테 좋은듯합니다,4,지성
188,물바르는느낌수분채우는느낌잘스며들어요화장솜으로 닦는게 더 좋은듯해요,4,건성
189,여행용 패키지 세트로 샀는데 좁쌀이나 여드름성에 좋다고 해서 사봐용!닥토로 사용하고 있는데 토너로만 닦았을 뿐인데 완전 촉촉하고 다른 세럼 바른거 같은 느낌이 들었어요! 지성피부 인데 눈에 띠게 효과가 있는건 아닌데 꾸준히 사용해봐야 할거 같아요!!향은 약간 숲향?같은게 났는데 거의 향은 안나서 향에 대해서 거부감은 전혀 없었어용!!77%토너 바르고 여드름피부에는 크림 발라도 좋을거 같아용!!,4,지성
190,좋다고 유명하길래 샀는데 바르고 조금 있으면 열감 느껴지고 피부에 트러블 생겼어요 ㅜㅜ 가렵기도 되게 가려웠어요… 다른 분들껜 좋을 수도 있을 거 같지만 개인적으로는 별로였어요 피부가 완전 망가져서 사용한 지 3일만에 원래 쓰던 제품으로 다시 되돌아가용… 😵‍💫😵‍💫 흑흐규,3,복합성
191,얼굴이 푸석하고 건조해서 수분이 부족한듯해서 수분크림 찾고있다가 올영에서 구매했어요 겨울철에는 촉촉하니 향도없이 순해서 데일리로 괜찮았는데  날더워지면서 수분크림이 살짝 과한듯해서 여름되면 좀가벼운 보습제품 발라야되겠어요,3,건성
192,이 크림 좋다고  유명하잖아요이 크림은 제가 정말 무난하게 썼던 크림이에요에센스랑 선크림까지 줘서 바로 구매했던 제품인데요.이때 세일까지 겹쳐서 정말 만족하면서 구매했었던 기억이 나요이 제품 한 달 정도 썼을 때도 피부 자극 없이 정말 진정되어서 좋았어요 그래서 트러블 피부에도 정말 좋은 거 같아요진정되는 성분들이 굉장히 많이 첨가 되어있더라구요~한 가지 아쉬운 점은 단지 형이라서 위생적이지 못하다는 단점이 있는 거 같구요. 그래도 가성비 좋고 크림이 원 플러스 플러스 원이라서 더 좋아요흡수력이 좋아서 금방 쓴..닥터지 에센스랑 선크림도 정말 좋더라구요다음에 에센스 사볼 의향도 있습니다 이렇게 세트로 산 느낌이라서 더 만족스러운 구매 후기였습니다.발림성 좋은 크림이에요!! 마일드한 느낌 🤗🤍,3,복합성
193,레드수딩크림  10통 정도 사용해봤고 이만한게 없는 듯 하여 꾸준히 구매합니다 촉촉해요,3,복합성
194,엄청 순하고 촉촉한데 보습력은 없어요~ 여름에 잘 쓸 거같아요!,3,건성
195,"벌써 10통때 꾸준하게 쓰고 있는 제품입니다. 전체적으로 복합성 피부에 무난합니다. 바를 때 끈적이지 않고 부드럽게 잘 발립니다. 그런데 저는 개기름이 많응 피부임데 일시적으러 시간이 지나면 다시 기름기가 많이 올라옵니다.지성의 피지컨트롤 기능은 없는 것 같습니다. 그리고 이 제품이 모공을 막지 않는다고 되어있지만, 저는 여름이라서 그런가 계속 트러블이 올라오긴 합니다. 특히 화이트헤드 위주로 많이 생깁니다. 그래도 이 제품을 계속 애용하는 이유는 바른 뒤 촉촉함이 있기 때문입니다. 여름에는 한시적으로 크림 용기가 짜서 쓰는 형태로 되어 있었습니다.손을 넣어서 크림을 덜어내다 보니 위생이 살짝 신경쓰이김 합니다. 사실 따로 덜어서 쓰는 스패큘러가 있지만, 잘 쓰게 되지 않더라구여..이런점이 개선되었으면 좋겠습니다.",3,복합성
196,흠.....이거 광고도 많이 하고 좋다고 얘기 많이 들어서 좀 많이 기대했거든요...?🤔 근데 뭐랄까 딱히 제 피부엔 장점이 없었던 것 같아요 그냥 이 크림을 발라서 특별히 뭐가 나거나 피부가 안좋아지지는 않았는데 뭐 그렇다고 좋아지지도 않은? 느낌🙃특히 제형탓인지 몰라도 피부에 겉돌고 번들거리는 느낌이었어요ㅠ 🙃수부지인 저의 속 수분을 잡아주진 못하더라구요 지금 같은 여름은 그래도 괜찮지만 여름 한정 괜찮을 듯🙃제가 쓰는 독도 선크림과의 궁합도 별로였어요 근데 집에 있는 다른 선크림들도 약간씩은 밀리더라구요(양 조절을 잘 못했나?) 좀 유의해서 발랐어요🙂같이 준 세럼은 제 피부엔 그닥이었으나 제 동생은 잘 맞아서 좋았다네요 여드름 난 등에 발랐는데 진정 효과가 있어서 본인은 만족한다고 합니다🙂무향이어서 향 민감하신 분들은 부담없으실 것 같아요,3,건성
197,보습엔 좋은데 진정은 잘 모르겠어요.나쁘진 않은데 특별히 좋은지 잘 모르겠는 유명해서 너무 기대했나봐요.  좀 더 가벼운 제형일 줄 알았는데 많이 촉촉하고 촉촉함이 오래가요.충분한 수분감을 원하시는 분이나 봄 가을에 더 좋을 것 같아요.,3,복합성
198,저에게 맞지 않아서 피부가 맞는 다른 사람에게 주었어요.수부지에겐 건조합니다 ㅠ,3,지성
199,음 저는 좀 잘 안맞는것 같아요 ㅠ 다들 좋다고 하시는 것 같아서 한번 사봤는데 특별히 나아지는게 없기도 하고 여드름이 약간 나더라구요 ㅠ 처음엔 왜그러지 했는데 이것 때문인것 같기도 …? 그래서 조심스러워서 못쓰고있네요 ㅠ 안쓰니까 여드름 안나는거보니 이것때문인듯 해요,3,건성
200,제품은 죄가 없겠죠...어성초 성분 여드름에 좋다고 해서 새로 사봤는데제 피부한텐 안 맞는지 이마에 여드름이 되려 생기네요원래 쓰던 토너로 다시 바꾸니까 진정되는게 좀 웃기고 어이없어요,1,복합성
201,아누아 좋다고 유명해서 고민하고 비교하다가 구매해서 사용해봤는데 원래 피부 좋아서 아무가나 사용해도 괜찮았는데 얼굴 턱 부분이 조금씩 가렵기 시작해서 환절기 때문에 가려운가? 하면서 사용했는데 나중엔 자고 일어나면 턱밑에 좁쌀들이 폭탄으로 튀어나오네요.....진심 살면서 이런 스킨은 처음봐요...개인적으로 나랑 안맞는성분인데 이건 좀 너무 심하다고 생각듭니다....,1,복합성
202,제 기억으로 되게 잘 썼던 제품이라서 재구매를 했는데 이상하게.. 잘 안 맞더라구요 진정도 잘됐던 걸로 기억하는데 이 제품을 사용하니까 트러블이 오히려 올라와서 화장대에 박혀있는 제품 중 하나에요,1,복합성
203,엑소 누구지 암튼 연예인 어떤 분이 쓰시고 유명하기도 하고 유튜브에 뷰티 유튜버 분들도 극찬하는 제품이길래 여드름도 나기도 했고 해서 사용해봤는데 첫번째 솜에 적셔서 5분 이하로 놨뒀다가 땠는데 진정은 무슨 피부가 좀 빨개진 느낌이였어요 그래서 원래 제가 쓰던 크림으로 진정을 했고 2번째 사용땐 뭔가 뭔지모르게 좁쌀 몇개가 더 생긴거 같아 의아했고 3번째 사용땐 피부가 간지럽고 따갑고 좁쌀이 더 생기고 여드름까지 더 나고 피부가 빨개지면서 진짜ㅋㅋ 생각할수록 어이가 없네요 별 하나 남기기도 좀 아까운데 저한텐 완전 최악의 제품이였네요 사람들이 하도 좋다길래 써봤는데 진짜 별로였어요 저처럼 민감하신 분들은 조금더 알아보고 사셨으면 하는 바람에 리뷰 남깁니다 진짜 어성초가 안맞는건지 그냥 토너가 별로 인건지 모르겠네여,1,지성
204,"아누아 어성초 토너 후기>>제 피부 타입은 건성에 민감성이에요. 건조해서 너무 많은 유분이 있는 제품을 바르거나 독한걸 쓰면 뾰류지가 올라오는 피부에요.. 진정에 좋다고 해서 사봤는데 며칠쓰고 안 쓰고 있어요ㅜㅜ 어성초 제품을 썼을 때 괜찮았었기 때문에 진정효과 볼려고 구매했었는데, 바르면 바를 수록 피부가 오히려 더 건조해지고, 울긋불긋해지고 피부 결이 안 좋아지는게 느껴져서 사용을 중단했어요. 어성초 제품이라고 해서 다 맞는건 아니라는 걸 알게됐어요. 아무리 좋은 성분이라고 해도 그 성분이 너무 주성분으로 들어가면 그게 오히려 피부에 자극을 준다는 것도 이번에 알았네요ㅜㅜ 잘 맞는 분들은 좋겠지만 피부 얇고 민감한 분들에게는 추천하지 않습니다. 수이스킨 새싹토너, 독도 토너, 비오텀 토너같이 엄청 순한 토너가 어려번 발라도 트러블 안나고 막 바르기 좋은것 같아요ㅜㅜ",1,지성
205,일단 옛날에도 엑소의 수호토너라고 해서 사용했는데 그때도 딱히 좋은 진정에 좋은느ㅁ 못 받았는데 이번에 또 토너 고르다가 후기 보고 샀는데 여기나 저에게는 혀규ㅏ가 없었는습니다 옷이 문제였늘껄아ㅛ 콧물제형은 아니고 그냥 물제형이고 냄새는 건강한 냄새가 납니다 아누아 토너 저렴한 편도 아니고 꽤 비싸다고 생각하는데 흐으ㅁ 효과는 모르겧네요 그리고 토너팩초럼 사용할려니 비싼데 너무 훅훅 줄어드는 기분이랑 어떻게 이용해야할짐 모르겧어요 다음에는 혹 해서 사지 않을것 같아요 이미 많이 속았으니 정신차려야겠어요 안 아 패드도 좋다하던데 똑같겠죠? 어떤 토너가 좋을까요 저도 드라마틱한 변화 한 번 느껴보고싶네요 아쉽습니다 ㅠㅠ오떡해해혀아할까요 고민이됩니다 많이 아쉬움 제품잉ㅂ니다 아쉬워요 많이많잉,1,복합성
206,"아비브 어성초 팩이 무척 잘 맞았고 어성초 토너패드도 너~~ 무 잘 써서 어성초 잘 맞나보다 생각했어요.그러다 아누아 어성초 토너가 그렇게 좋다길래 기대감 잔뜩 품고 구매를 했읍니다^^...몸 트러블에도 좋다기에 스프레이 용기에 옮겨담아서 가슴/등 쪽은 칙칙 뿌려주고, 얼굴은 진정 필요한 부위엔 토너팩하고, 아니면 스프레이로 뿌려서 2-3 스킨정도 해줬어요.사용한지 약 한 달 정도 됐는데 저는 바디에만 쓰고 그만 쓸려구요^^.....바디 트러블은 되게 진정 잘 됐는데 피부에 자꾸 화농성 여드름, 좁쌀 여드름이 올라와서 뭐가 문젠가 하고 짚어봤더니 요걸로 토너 바꾼 이후로 더 그랬더라구요 ㅠ저한텐 안맞아서 너무 속상하지만.. ㅠㅠ 아누아랑 저의 인연은 여기까지인걸로..",1,건성
207,아누아 어성초 토너 진짜 귀에 딱지가 얹을 정도로 이름을 너무 많이 들어봤어요! 이 토너 안써본 사람들도 이 토너를 한 번씩 들어보긴 했을거에요! 그리고 이 토너가 진정토너로 유명해서 꼭 한 번 써보자는 생각을 가지고 있었거든요. 코로나 시국에 마스크를 쓰다보니 예전보다 피부가 진정되지 않는 듯한 느낌을 많이 받아서요! 그래서 세일 기간에 늘 써보고 싶었던 이 토너를 구매했습니다! 이게 진정 토너라 그런지는 모르겠다만 기분탓인지 이 토너를 이용하면 진짜 피부가 좋아지는 느낌이 들어요! 이건 써본 사람들은 공감할 말이라고 생각합니다. 저는 주로 토너팩용도로사용을했는데 이 토너가 물 제형이라 토너팩을 하기에 딱 적당했어요! 그리고 저는 개인적으로 토너는 피부에 가장 가깝게 닿는 제품이라고 생각해서 무색무취를 선호하는데 그에도 딱 맞는 순한 제품이였습니다,1,복합성
208,제가 좁쌀여드름 때문에 정말 스트레스를 받고 있어요..그래서 유튜버분들이 극찬한 이 스킨을 구매해서 사용 해봤는데.. 하루 뒤에 좁쌀여드름들이 빨갛게 달아 올랐어요ㅠㅠㅠㅠ 3일 뒤엔 좁쌀 폭탄… 없던 좁쌀도 생겨서 더 스트레스입니다.. 아비브 어성초 패드는 잘 써서 어성초가 맞겠구나 하고 샀는데 ㅠㅠ.. 안타깝네요 사람마다 피부가 다르니 잘 선택하세용,1,건성
209,저는 수분충전용+닦토 다 시험해봤어요제형은 물같은 제형이고 향도 거의 무향?하도 좋다고 말이 많아서 구매했는데 이게 왜?ㅋㅋㅋㅋ 좋지? 싶을정도로 별로 였어요... 저거 쓰고 피부에 좁쌀여드름 생기고ㅜ어성초가 저한테 안맞는걸수도 있지만 토너치고는 수분감이 많지않아서 약간 바르고 좁쌀 여드름이 많이 생겼어요ㅠㅠ그리고 건성한테는 안맞는것같아요 바르고 꼬득꼬득한? 느낌이 많아용 지성한테는 맞을것같아요.다른분들은 후기가 어떻길래 이렇게 유명하죠?ㅋㅋㅋㅋ   엄청 기대하고 구매했는데 진짜 평범?하다 못해 별로라서 아쉬워요....ㅜㅜ,1,지성
210,🤍 진정 수분크림 중 no.1 닥터지 🤍- 피부 민감하기로 대한민국에서 소문난 저희 아빠 원픽 수분크림이에요! 벌써 몇 통을 쓰셨는지 모르겠어요…😉- 향 ⭐️⭐️⭐️그냥 찐 무향 그 자체에요. 아무런 향도 안 나서 진짜 향 싫다 하시는 분들께 그냥 완전 강추입니다👍- 자극 zero ⭐️⭐️⭐️정말 자극이 하나도 없어요! 저도 아빠 못지않게 피부가 예민한데 이건 진짜 순하디 순함 그 자체에요👍- 제형 ⭐️제형 자체가 가볍고 산뜻해서 좋아요! 근데 사실 단점도 조금 있는데 약간의 끈적임이 느껴져요… 사실 제가 끈적이는 걸 극도로 싪어해서 저만 그렇게 느끼는 걸수도 있지만 얼굴에 자르고 나서 조금 끈적임은 느껴젔어요😭저희 아빠의 원픽 수분크림으로 앞으로도 꾸준히 단골손님 하겠습니다ㅎㅎ 가격할인 자주 했으면 좋겠어요🫶,5,복합성
211,자극없고 순하고 수분채워줘 진정도 되고 보습력도 나쁘지 않아~ 국민 크림 맞는거 같습니다! 찐득함도 없어서 더더 좋아요!!무난하게 쓰기 좋은 닥터지 닥터지 블레미쉬클리어 수딩크림💚,5,건성
212,"지성 + 좁쌀여드름 + 생리기간 화농성 여드름쓰리콤보 피부타입 가지고 있는 사람인데, 닥터지 수분크림 10통 넘게 쓴것같아요! 일단 재형 자체가 수분감이 많고 유분감이 적어서 지성분들이 쓰기에 정말 좋아요. 기름막이 모공을 가리지 않아서 좁쌀도 덜 올라오더라구요!! 엷게 두번정도 발라주면 따로 크림쓰지 않아도 건조하거나 그렇디 않고 좋아요~~",5,지성
213,피부가 수분 부족형 지성 타입이라 수분 크림 너무 유분기 많은거 사용하면 기름이 올라와서 모공이 막혀서 트러블이 잘 생긴거든요. 그렇다고 수딩젤 같은 유분기가 너무 없는걸 사용하면 얼굴이 땡겨서 제 피부에 만족하는 수분크림 찾기가 어려운데 닥터지 수분크림이 제 피부에 딱 맞아서 좋았어요. 닥터지가 제 피부에 잘 맞는거 같아요. 예전에 쓰고 다른 제품 사용해봤었는데 그 수분크림이 유분기가 너무 없어서 그런지 얼굴이 금방 땡겨버리더라구요. 날씨가 건조한것도 있겠지만요. 그래서 이번에 세일할 때 다시 구매했습니다. 지난번에 오늘드림 배송 빨리오고 만족해서 이번에도 또 오늘드림으로 주문했는데 주말임에도 불구하고 엄청 빨리와서 좋았어요. 벌써 3분의 1정도 써서 금방 써버릴거 같은데 세일할 때 또 미리 구매해놓고 사용하려고 합니다.,5,지성
214,피부가 수분 부족형 지성 타입이라 수분 크림 너무 유분기 많은거 사용하면 기름이 올라와서 모공이 막혀서 트러블이 잘 생긴거든요. 그렇다고 수딩젤 같은 유분기가 너무 없는걸 사용하면 얼굴이 땡겨서 제 피부에 만족하는 수분크림 찾기가 어려운데 닥터지 수분크림이 제 피부에 딱 맞아서 좋았어요. 닥터지가 제 피부에 잘 맞는거 같아요. 예전에 쓰고 다른 제품 사용해봤었는데 그 수분크림이 유분기가 너무 없어서 그런지 얼굴이 금방 땡겨버리더라구요. 날씨가 건조한것도 있겠지만요. 그래서 이번에 세일할 때 다시 구매했습니다. 지난번에 오늘드림 배송 빨리오고 만족해서 이번에도 또 오늘드림으로 주문했는데 주말임에도 불구하고 엄청 빨리와서 좋았어요. 벌써 3분의 1정도 써서 금방 써버릴거 같은데 세일할 때 또 미리 구매해놓고 사용하려고 합니다.,5,복합성
215,동생이 3번째 재구매하는걸로 보아 굉장히 괜찮은 제품인것 같음구매할때마다 매번 기획으로 구성만 조금씩 다른것 같음,5,복합성
216,인생 크림!! 흡수 빨리 되고 바로바로 진정이 되는 느낌이라 10번 이상 구매한거 같아요~ 이번에 튜브형으로 나와서 너무 좋아요♡,5,복합성
217,"수분크림 다 떨어져서 이제품 저제품 알아보다가 닥터지 제품이 베스트로 떠 있길래 보게 됐어요후기 보니까 수부지 피부타입에 좋다는 후기가 많아서 믿고 선택하게 됐습니다.제가 예전엔 완전 건성이었어서 수분크림 아무거나 발라도 맞았었는데 나이가 들면서 수부지가 되고 특히 티존이 기름이 많이 생겨서 어떤 수분크림은 바르고나면 너무 찐득하고 기름이 너무 끼여서 별로더라구요앞에 시타 수분크림 쓰다가 다 쓰게 되었는데, 시타 수분크림도 제 피부에는 약간 기름 끼는듯한 느낌이 들었어서 갈아타게 되었습니다.일단 뚜껑 열었는데 제형이 너무 묽길래 와.. 잘못 샀나 싶더라구요.. 제가 옛날에 이런 제형 수분크림 바르다가 얼마 못쓰고 버렸었거든요..손등에 발라보니 역시 너무 묽고 물광 느낌이어서 걱정이었는데 얼굴에 발랐을때도 첨에 펴발랐을때 걱정한 그대로인거 같아서 어떡하지 했는데 왠걸꼼꼼하게 다 펴바른다음 몇번 두드려주니 다 흡수되면서 기름기는 없고 수분촉촉! 이네요 얼굴 만졌을때 촉촉하면서 너무 부드러워요 피부가 되게 매끈해진 그 느낌!이 위에 메이크업을 했을때 쿠션이 잘 먹을지는 아직 화장을 안해서 모르겠지만 일단 기초화장후 지금 몇시간 지나고 났는데도 피부 겉이 아니라 속이 촉촉한 느낌이에요쭉 계속 더 싸봐야 알겠지만 이정도면 정착 가능한 제품이 될거 같네요",5,복합성
218,지성피부에 잘어울려요. 추천해요. 다른 상품을 써봤는데 이거 맞아서 재구매했어요.,5,지성
219,"💟벌써 열통은 더 넘게 사용한 나의 최애의 수딩크림이랍니다.제가 젤루 좋아하는 부분은 진정의 효과가 탁월하다는 것입니다.💟울긋 불긋 알러지가 발생하거나 기존에 사용하던 화장품이 아닌 샘플로 받아서 사용해서 알러지가 발생할때에 바로 수팅크림을 발라주면 진정효가가 정말 장난이 아닐정도로 진정시켜준답니다.💟민감하거나 문제성 피부타입까지 사용하셔도 너무 좋은 크림이랍니다.제형은 젤리같은 마일드한  수분감이 잔뜩 들어있답니다. 그래서 바를때 거부감이 없이 겉돌지도  않으면서 부족한 속보습을 채워준답니다.은은한 쿨링감 덕분에 피붓결을 식혀주는 느낌이 든답니다.저녁에 세안하고  바르고 아침에 일어나면 정말 피부가 쫀쫀하고 수분을 한아름 품고 있는 얼굴을 보게 된답니다.💟피부는 민감하고 화장품 알러지가 정말 심한편인데, 요 수딩크림을 바르면 바로 가라앉는 답니다.푸석거리고 후끈거린다면 요 크림 한번 사용해보세요~정말 만족하실거예요장바구니에 넣어놓쿠 다시 재구매하게되는,  떨어지기전에 무조건 쟁여놓쿠 사놓는 나의 최애의 크림이랍니다. 그냥사세요ㅎㅎ고민하지마시구요🌳🌲",5,복합성
220,사용하면 각질처럼 뭉쳐서 때가루가 떨어집니다.원래 이런건지 아니면 제것만 일,1,건성
221,오늘 실수로 오늘드림 으로 이거 하나 구매했습니다바로 취소할려고 했는데 취소가 안되서 그냥 받기로 했습니다오늘드림 실수로 결재한건 뭐라 안좋게 생각하지 않습니다 제 잘못이니깐요  @@@(여기까지는 문제 없음)@@@그런데 선물해줄려고 선물포장 1천원 더 추가해서 선물포장 신청 눌렀는데 사진 보시면 이게 선물포장 이에요??제가 생각했던 선물포장은 선물포장지로 제품을 포장하는 걸로 생각했는데 선물가방이네요?이건 솔직히 근처 다이소 에서도 500원 이면 구매 하는 제품이에요…올영앱 처음 깔아서 처음 구매했는데 다시는 이용 안할것 같네요,1,복합성
222,한달 생각하고 구매하세요 급하게 사시려면 매장가세요 배송지연이 심합니다,1,지성
223,물건 받아서 리뷰하기 너무 힘드네요배송문제좀 잘 해결해주세요 제발,1,지성
224,피부가 민감하신 분한테는 비추입니다 ㅠㅠ성분에 알코올이 있어요 모르고 샀네요 ㅠㅠ남편이 며칠써보고 피부가 따갑고 빨갛게 부어올라서 나머지는 버렸어요 주의하세요!!,1,지성
225,포장 따로 해달라고 했는데 같이 포장 해서 주네여 ㅜㅜ 다음부터 배송 메세지 꼭 봐주세요,1,건성
226,여러가지 쓰기 귀찮아 하는 남편을 위한 픽이 제품 벌써 세번째 구매해서 쓰고 있어요,1,복합성
227,여름용!으로 추천겨울용으로는 기본 보습 힘들어요ㅜ 보습보단기본 피부 건조함도 빨리와요향과 바디감은 여름용으로 최고인듯해요,1,지성
228,맘애들어요 ㅎㅎ따갑거나 그러지 않아서 좋아요 ㅎ다쓰면 또 살개요,1,건성
229,말이필요없는 올인원~~ 할인도되고 추가구성까지 너무좋네요~~ 배송도 빠르고 잘받았습니다~~,1,건성
230,통신사 쿠폰 잇어서 기프트 카드 2개 모아서 삿는데요.좀 많이 실망 입니다.  짐 6월달인데. 이제품은 전혀 도움이 안되요.  1. 너무 번들거리고 무겁습니다.   이거 바르고 나가면 피부가 답답함을 느껴요. 전혀 산뜻하지가 않아요.  마스크 쓰고 공부하러 스터디 카페 가면 피부가 너무 답답해요.  이제품은 가을 겨울에 사용 하는게 좋을듯합니다.  분명 올리브영 에서 가장 많이 팔리고. 스태프도 추천햇는데. 이건 정말 아닌득해요. 그냥 아이오페 올인원 인터넷으로 살껄 그랫네여.2. 향은 그냥 무난해요.,2,건성
231,"지성인 피부는 전혀 맞지않는 화장품 입니다.게다가 다슈 올인원 제품을 사용해봤는데 너무나 똑같은 냄새와 발림성...다른 제품인데 너무나도 같아요.우선 안맞으면 쓰라립니다.  붉어지고올인원 제품 인지도 높아서 구매했지만 완전""꽝""입니다.겨울에 바디로션으로 써야 겠어요.",2,건성
232,솔직히 제가 쓴 게 아니라 잘 모르겠는데 문제가 있었으면바로 연락이 왔을 거라 그런 문제가 없었기에 좋은 제품이라 생각합니다.사용자는 20대 남성으로 아저씨 스킨 냄새 난다 해서 피했는데 별말 없는 거 보면 대체로 20대 느낌이 나는 거 같습니다.,2,복합성
233,"아버지가 꼭 꼽아서 이 제품을 원하신다고 해서 올리브영 세일 기간에 구매해드렸어요. 아** 에센스랑 고민했는데.. 결과적으로는 불만족스럽습니다.테스트해보기 위해 저도 일주일정도 사용해봤는데요.우선 향이 굉장히... 인위적이고 저로서는 거부감이 들 정도이고요,발림성이나 흡수력 등도 타 화장품에 비교했을 때에는 .. 잘 모르겠어요. 제형이 뭔가 집었을 때 미끌거리는.. 피부에 발랐을 때 흡수가 안 되고 뭔가 외부 물질이 겉도는 듯한 느낌이랄까요.. 차라리 바디로션이나 세타필 바르는 게 나을 것 같아요... 당시 원쁠원은 아니더라도 비슷한 용량을 하나 더 넣은 기획 상품을 구매했는데, 언제 다 쓸지.. 용량만큼은 아주 혜자겠죠^^다음엔 그냥 제가 골라서 사드리려구요. 아버지도 잔뜩 기대하셨는데 그냥 쓰시는 것 같아요ㅠㅠ",2,복합성
234,화장품을 많이 사용해보고 다양한 컬러를 많이 사보았고 그리고 사용도 많이했는데 사용할때마다 실패 실패를 반복하였는데 이번 사용하는 제품은 이전에사용했던 제품들보다 뚜렷이 차이를 보였으며 사용후 피부가 매끄러웠고 사용감도 좋았다.다시금 화장품사용을 해보라그 하면 다시사용을 해보겠으며다시구 매할 마음까지 생기게되었다.그리고 이번 동생 선물로도 다시금 사주어서 동생도 사용해보았는데 확실이 바쁜 직장인들에게 시간이 싸움인데 정말 사옹해본것중에 쬐고라고해서 선물해주는 나에게도 기분이 매우좋았다. 보습 및 기본에 충실한 남성화장품을 만나게되어 기분이 매우 좋았다. 고맙다~~,2,건성
235,아버지 사드리려고 구매했는데 특별히 나쁘진 않은 것 같아요! 그런데 기대했던만큼 엄청 좋지는 않아요~~ 그래도 장점은 올인원이라 편하다는거 ㅎㅎ 아버지께 어떠냐고 여쭤봤더니 그냥 그렇다고 하시긴하네요;; 가격대비 괜찮고 편리함도 좋지만 다음 구매의사는 없습니다~~~ 모든 계절에 사용해도 괜찮을 것 같아요)!올인원이라 구매했습니다~~아버지는 조금 더 촉촉하고 끈적한 타입을 원하신 듯해요!!피부 변화를 느끼신것은 없는 것 같아요~~참고로 아버지는 복합성 피부이시고 딱히 트러블도 없으세요~<아래 질문이 계속 떠서 거기에 맞게 두서없이 썼네요!^^브랜드는 처음 들어본 브랜드인데 직원분이 권유해주셔서 한번 구매해 봤습니다! 다음엔 올인원으로 조금 더 촉촉하고 끈적임있는 제품으로 찾아보고 구매하려고 해요^^,2,복합성
236,배송이 너무느려요 아직 사용을 안해봐서 몰라요.감사합니다.,2,복합성
237,냄새는 자극적이지 않고 발림성도 좋아요 얼굴에 바르기도 편해요,2,복합성
238,향이 쎄지 않다는 리뷰 보고 샀는데그냥 남자스킨 향이에요 ㅡㅡ 좀 연하긴 하지만 그래도 남자스킨냄새… 아빠가 향안나는거 원하셔서 리뷰 믿고 사봤는데 비슷해서 좀 그렇네요… 올영 매장에서 테스트해보고살걸 ㅠㅠ,2,복합성
239,피부 다 뒤집어졌어요 ㅜㅜ 피부 예민신분들은 조심하세요 유튜브보고 나이아신이 피지에 좋다고해서 사봤는데 효과 못봤어요,1,지성
240,뭐죠? 이거도대체가 흡수가 안돼요 바르고 문지르면 때 나오듯이 떨어져 나와요 혹시나 톡톡 두드려도 때 밀리듯이 나오네요 기대했었는데 완전 실망이예요,1,건성
241,제 피부에는 자극적이었어요. 바르고 다음날 홍조가 확 올라오더라고요. 얼굴은 이틀 정도 사용하다 중단했고 설마 하고 목에 발라보니 목도 빨갛게 되면서 가려움증을 겪었어요. 검색해보니 나이아신 아마이드가 4% 미만일때는 대부분 피부가 효과를 보지만 그 이상 고함량으로 넘어가면 안맞는 피부들은 저 처럼 홍반과 가려움증이 나타날 수 있다고 하네요. 잘 맞고 효과 본 분들도 많으므로 제품 자체가 안좋다 라는건 아니고요. 고함량이니 만큼 꼭 피부타입 잘 체크해서 써야할것 같아요.,1,지성
242,진짜 제가 사용을 못하는 건지 모르겠지만 써보고 깜짝 놀랐네요;; 디오디너리 레티놀 써보고 괜찮아서 구매했는데…어떻게 써야할지를 모르겠어요;; 클렌징 후 닦토를 해도 찹토를 해도 다음에 이 제품을 쓰면 하얗게 일어나고 이전 단계에 발랐던 화장품은 다 밀립니다;; 이전 단계라고 해봤자 토너 정도 인데…하얗게 뭉쳐지면서 다 밀리고 흡수 시키려고 문지를 수록 피부에 자극이 되어 계속 쓰니 피부가 따가워요;; 계속 문지르면 어쨌든 흡수는 되는데 크림으로 마무리 해줄려고 하니 또 밀리네요…제가 수부지긴해도 민감성은 아니고 웬만한 화장품은 막 써도 아무 문제 없다가 이런 일이 생기니 좀 당황스럽네요..ㅠㅠ 암튼 전 아닌 것 같아요,1,복합성
243,저는 너무 별로였어요 ㅠ 너무 일어나고 밀려요 거의 때처럼 나오고 찐득거려요 ㅠ,1,복합성
244,많이 바르면 거품생겨요. 적당량 발라야 함. 유통기한이 지난 제품이 온거 같은데 여기는 1:1게시판에 답이 없음.,1,복합성
245,세번 쓰고...돈버렸다 후회중 입니다.일단...이걸 바르고 위에 뭘 바르던 때나 가루 같은게 계속 밀려 나와요. 메이크업 전에 바르면 쿠션 다 뜨고 밀리고...촉촉 쿠션 써도 금방 무너지고 ...정말 더러워보이게 무너져요. 저녁에 발라도...이거 바르고나면 표면에 무슨..얇은 왁스를 입힌것 같아요. 그위에 뭘 바르던 흡수도 않되고..흡수좀 시킬까 싶어 두드리거나 문지르면 그 왁스같은게 가루나 때처럼 변해서 벗겨져 나와요. 모공이 막힐까 찝찝한 기분도 들고요.천연화장품 만들어서 쓸때도 나이아신 마이드가 이렇게 발린적은 없는데 저만 안맞는것지...ㅜㅜ 이제품의 장점을 못찾겠습니다.디오디너리  레티놀도 별로였는데...디오디너리랑은 이제 안녕 하려고요.ㅜㅜ,1,복합성
246,후기도 많고 피부진정에 좋다길래 30ml짜리로 테스트하려 구입했습니다-가격7200원이라 다른 제품에 비해서저렴한것같아요-제형무난하게 잘 발렸어요너무 끈적이지도 않고 약간 묽었어요약간 투명한색이었구요바를때 따갑지는 않았습니다마르고나면 약간 건조해져요-향별다른 향료는 없었어요약간 물풀향같네요-트러블징크성분이 여드름에 좋다길래 테스트해봤는데 피부에 붉은 좁쌀 여드름이 여기저기 나고전체적으로 뒤집어져서 포기했어요3방울정도 크림과 섞어서 썼는데 피부가 안좋아졌네요-재구매의사저에게는 맞지 않는 제품이었어요피부가 이렇게 되다니 해도해도 너무하다는 생각징크가 안맞는 피부도 있으니 주의해서 구매하세요앞으로 징크가 들어간 성분은 사지 않으려구요한마디로 돈아까움,1,복합성
247,이거 쓰고 피부 엄청 따갑고 열감 올라오고 빨개지고 핏줄이 보이면서 뭘 해도 따갑고 뒤집어져서 피부과 가서 먹은 약이랑 연고 처방 받아왔어요 정말 쎈 제품같은데저처럼 초초 민감성 피부에 트러블 있으신 분은 정말 비추입니다 조심히 사용하시길.. 이게 오일제품인데 오일류는 민감성에 더 안좋다고 하더라구요 ㅠㅠ,1,건성
248,건성 민감 예민 피부분들에게 비추입니다나만 별로고 따갑나 싶어서 후기를 찾아보니 지성분들에게 좋은 제품같아요 건성 민감 예민 피부인데 건성분들 후기처럼 바르면 따끔 거리고 바를때마다 때밀리듯 각질처럼 뭉개진게 나와요 참고 며칠 발라봤는데요 이거 바르면 건조해서 수분 크림을 수시로 얹어줘야합니다 그리고 이거 쓰고나서 코에 껍질 벗겨짐 같은게 심하게 와서 결국 이거 말고 다른 앰플쓰니 각질처럼 때밀리듯 뭉땡이로 나오는것도 없고 편안해지네요 자극적이고 건조합니다 건성에 예민하고 민감하시다면 더더욱 비추입니다 후기를 보니 지성분들에게 좋은 앰플인가보네요,1,지성
249,음~~~  쓰던 제품 말고 다른것 써보고싶어 샀는데 비추흡수력 별로미백효과? 전혀 못 느끼는 중 버리기 뭐해서 막 써버리는 중기능성 실망,1,복합성
250,두개 샀는데 한개만 옴 이게 뭔가요 진짜 어이없습니다 확인하시고 빨리 보내주세요,1,건성
251,머리카락 가닥가닥 얼굴에 달라붙는거 좋아하시는 분들 사용하면 될거같아요. 하루종일 끈적임 없어지지않고 쌍꺼풀있는분들은 쌍꺼풀과 눈두덩이가 눈떳다 감았다할때마다 뭔가 찐득하게 떨어졌다 하는 느낌들거예요. 유명한건 알겠다만 이렇게 찐득찐득 할줄이야 얼굴에서 굉장히 답답한 느낌들구요. 진짜 조온나 욕나올정도로 실망이예요,1,건성
252,☆지극히 주관적인 리뷰입니다.☆1.피부타입건성 분들은 아이x이 제품이랑 비슷하다고 생각하면 될 것 같아요. 바를 땐 촉촉한 것 같지만 마를 때 바싹바싹 땡기는 그런 제형이라 복합성 및 지성 피부 타입인 분들에게 추천합니다.2.자극비타민c가 함유되어 있어서 그런지 조금 따가울 수도 있다고 생각하는데 피부가 민감한 분들한테는 더 따가울 수 있으니 주의가 필요합니다.★총평★원래 이렇게 짧게 리뷰를 쓰는 사람이 아닌데..이 제품 쓰고 뒤집어져서 그냥 마사지 할 때 사용중이에요.. 아이x이 제품이나 구달 제품은 저한테 잘 안 맞네요 ㅎㅎ 피부가 민감하고 예민한 분들은 저처럼 피부가 쉽게 뒤집어질 수도 있으니 조심하세요! 참고로 같은 브랜드의 패드를 사용하고 나름 괜찮다고 생각했는데 그 제품도 자주 쓰니 얼굴이 뒤집어졌어요. ★성분 참고★하셔서 구매하는데 도움이 되셨으면 좋겠습니다.,1,복합성
253,초초초 민감성 피부를 가진 사람입니다.많은 유튜버 분들이 자극없이 순한데 효과도 있다고 추천하길래 구입해봤어요근데 이번을 계기로 확실히 알았지 뭐예요비타민c 는 아무리 순한 제품이라고 해도 안되겠구나내 피부가 뒤집어져서 남아나질 않겠구나다시는 절대 유혹에 넘어가지 말아야지등등무튼 그렇다구요..저와는 맞지 않아서 너무 슬프네요,1,건성
254,예민한 피부가 아닌데 피부 뒤집혔어요. 제품 좀 괜찮다고 생각했는데 사용한지 일주일도 안되어서 난리 났습니다... 점점 트러블 올라오더니 귀 뒤부터 목 아래까지 자잘한 두드러기 올라오면서 간지럽더니 따갑고 아파서 너무 속상해요... 제품이 약간 끈적거려도 참고 써보려고 했는데 피부가 완전 뒤집혀서 너무 아프고 속상합니다ㅜ 비타 라인 재구매 안합니다- 아래는 이전 리뷰한 방울 발랐는데도 촉촉하고 부드러운 느낌. 조금만 짜도 많이 발리는 느낌이에요. 촉촉한 콧물 제형인 것 같아요. 수분감이나 쿨링감이 있고 흡수가 잘 돼요. 근데 마무리는 약간 끈적거려서 다른 세럼을 발라주거나 비타 라인 크림이랑 같이 사용하는 게 좋을 것 같아요,1,복합성
255,저는 비추에요..평소 피부는 건성에 가까운 복합성 피부에요.늘쓰던 제품들에 구달 청귤만 추가해서3주?동안 반정도 꾸준히 썼는데 점점 광대가 화상입은것처럼 빨개지더니 따갑고 붉은 반점이 생겼어요.저한테는 자극적인거같아요.,1,복합성
256,상품의 좋고 나쁨을 떠나서 올리브영 대응 방법에 너무 화가 나네요추석전 주문하고 배송 늦어진다는 글 보고 기다렸는데 온라인상에서 표기된 일정보다 더 늦고1:1  게시판의 요청사항도 답변도 없으시네요이미 받은 후라 소용도 없지만.지연에 대한 보답은 500포인트라..참 기가 막히네요,1,복합성
257,피부가 전혀 예민한편이 아닌데 이거쓰고 2일만에 얼굴에 오돌토돌하게 전부 뭐가 났습니다...맞는분도 계실테지만 전 진짜 피부 트러블 한번도 안나는사람이라서 참고하고 규매하세요..,1,건성
258,저... 이거쓰고 온 얼굴 다뒤집어져써여음.. 수부지 편인데 음..깜짝 놀라써요얼굴이 가렵다가 두드레기처럼 다 올라와서..저에겐 안맞는걸로,1,지성
259,"어...일단 결론부터 말하자면 제 피부는..박살이 났습니다😭제가 아누아 어성초 80 앰플을 먼저 써보고 그게 너무 좋고, 인생템이 되어서 토너 다 쓴 김에 아누아 토너도 써보고자 구매해보았는데요! 구매 후 닦토, 흡토, 토너팩으로 다 사용해봤는데 제 볼에 트러블이 어마무시하게 올라왔어요ㅠㅠㅠㅠㅠ(첫 번째 사진이 갑자기 올라온 제 트러블들 사진입니다ㅠㅠ)바로 토너 사용 중지하고 기존에 쓰던 진정템들 사용하면서 며칠 관리해줬더니 다행히 지금은 거의 다 가라앉았습니다 휴,,, 너무 웃기게도 그 진정에 아누아 앰플은 또 잘 맞았어욬ㅋㅋㅋㅋㅋ제가 평소에 성분을 막 신경써서 기초제품을 사는 편은 아니라 도대체 토너와 앰플에 무슨 차이가 있어 이런 문제가 생긴건지를 몰라 되게 놀랐었네용ㅠ민감성 피부분들은 테스트 꼭 해보시길 추천할게요!!돈이 아까워서 아예 안 쓸 수는 없구 해서 미스트 공병 구매해서 현재는 바디 미스트용으로 사용하고 있는데 바디 피부에는 문제가 없어용 다행히😊그리구 사용감은 극지성 피부인 제 피부에선 살짝 무겁다는 느낌이 들었어요! 분명 물토너인데,,,주르륵 흐르는 물토너인데,,,화장솜에 먹여서 피부에 올리면 점성있는 콧물타입 토너처럼 느껴지더라구요!! 어느정도 흡수 시키고 나면 산뜻한 마무리감이 되긴 했어요:)",2,복합성
260,"유튜브나 방송에서 너무너무 좋다고 소문이 난 제품이라서 토너치고 많이 비싼 가격이였지만 써보자는 마음으로 썼었습니다. 수분감, 제품 용기, 제형 다 좋았지만 어성초가 문제였는지 아니면 다른 성분이 문제인건지 지금까지 어성초를 사용한적이 없었는데 얼굴이 꽤 깨끗한 편이었는데 갑자기 얼굴 전체 부분에 두드러기가 일어나면서 뒤집어졌어요. 환불을 하고 싶었는데 제품을 열면 환불이 안된다고 하더라구요. 한달째 관리중인데 너무너무 후회가 되기도 하고 돈이 많이 아깝더라구요. 환불을 받을 수 있는 방법이 있으시다면 참 좋을텐데 그래도 어성초 효과를 많이 보시는 분들이 많더라구요. 저와는 안맞아서 유감이에요.",2,복합성
261,좁쌀때문에 구매🪴기대를 갖고 오늘드림으로 바로 구매했습니다.요즘에 알수없는 좁쌀이랑 열감이 올라와서요.-화장솜에 적셔서 팩처럼 올려주고 그랬는데 ㅠ 전 뭐가 더 올라오네요..따갑거나 자극은 없었는데 떼주고 나니 붉게 볼록볼록 트러블이 생겼어요 ㅠㅠ혹시나 싶어서 쓰리스킨 해주고 잠들었는데 상태가 안좋네요.. 효과를 본 분들도 많아서 기대했는데 저는 아닌가 봅니다.화농성은 아니고요.-향도 심하지 않고 무난해요. 맞는 분들은 세일 할때 구매하시거나 대용량을 구매하셔도 괜찮을거 같아요세일가가 아닌 정가 구매하기엔 좀 비싼거 같거둔요 ㅠ-아무튼 저는 효과를 크게 보진 못했네여,2,복합성
262,"제 피부타입은 건성이고 자극에 예민한 편이에요.기초케어는 스킨-로션-보습크림 이렇게 바르기 떄문에 스킨에는 크게 수분감을 따지지 않아도 될 것 같아서 성분이 순한 제품을 찾던 중, 요즘 마스크를 자주 착용하다보니 코옆 뺨쪽으로 트러블이 생겨서 진정효과가 좋다는 평을 보고 구매하게 되었습니다.아침에는 그냥 손에 덜어서 챱챱 바르고 저녁에는 화장솜에 듬뿍 묻혀서 스킨팩을 해줬어요.2주정도 사용해 본 소감은...음... 없습니다.... 진정효과는 정말 1도 모르겠고 오히려 전보다 빨리 건조해지는 느낌ㅜ 솔직히 향도 거의 무향이라 그냥 맹물 넣어서 파는건 아닌가 하는 생각도 잠시 했습니다... 일단 더 써봐야 알겠지만 지금으로썬 재구매 의사는 없네용",2,복합성
263,어성초는 원래 따가운건가요?이것도 피부에 바르면 엄청 따갑고 울긋불긋해져요,2,지성
264,저는 여드름 피부에 계절 바뀌면 뒤집어지거 그날이면 뒤집어지고 피부가 좋은 날이 거의 없는 사람입니다 ㅠㅠ그래서 이것저것 기초화장품에 돈을 좀 많이 쏟아부었는데 사용하다보니 공통적으로 안맞는 제품들이 있었고 이 제품도 그 중 하나였어요 ㅠㅠ저는 어성초가 안맞는건 아니에요. 왜냐하면 아*브 어성초 마스크팩을 찰떡 인생템이거든여 ㅠㅠ그래서 성분표를 좀 확인했더니 각질제거 성분때문에 그랬던거 같아요 ㅠ저는 피부도 좀 얇고 그래서 그런지 각질제거제를 사용하면 피부가 뒤집어지고 요새 토너패드나 토너에도 데일리 각질제거라고 해서 각질제거 성분을 첨가하던데 저는 그런 제품들을 쓰면 장벽이 무너지고 속건조에 완전 뒤집어져서 안맞더라구여 ㅠㅠ aha bha lah 등등....이 제품에도 순하고 추출물이지만 각질제거 성분이 있어서 사용하고 나니 피부가 우둘두둘하게 뒤집어지고 화끈거려서 사용중단했어요.자신이 각질제거 성분(사탕수수추출물 등)에 민감하지 않으신 분들께만 추천드려요 ㅠㅠ,2,복합성
265,요즘 스킨케어를 바꿔서 그런지 잠을 못 자서인지 확실하지는 않지만 갑자기 피부에 여드름이 막 나는 거에요ㅜㅜ그래서 진정에 좋다는 토너 알아보다가 어성초가 77프로나 된다는 아누아 토너 사용해보려고 사봤습니다!잘못된 선택이었어요...저한테 어성초가 안 맞는 건지 며칠 사용하지도 않았는데 여드름이 더 생겼습니다ㅜㅜ바르고 나니까 살짝 자극이 느껴지긴 했는데 그렇게 심하지 않았어서 별일 없겠지 생각했는데 아니었어요..생전 안 나던 부위에 여드름이 나질 않나여드름이라고 하기에도 애매한데 두드러기처럼 한 부분에 3~4개 모여서 여기저기 나더라구요?지금까지 피부가 이렇게 된 적 한번도 없었는데 뒤집어져서 너무 충격이에요...진정에 좋은 토너 찾으려다가 여드름만 더 얻고 갑니다😂 꼭 테스터 먼저 해보시는 거 추천드려요! 민감하신 분들이나 어성초 안 맞는 분들은 피해주세요!!,2,지성
266,아누아 성분도 좋고 리뷰들듀 좋아서 어디한번 사보자 싶어서 구매하였습니다 피부가 예민한 편이어서 화장품을 바꿀때 조심스러운데 토너 바르고 트러블은 더 나지않았지만 더 나아졌다거나 피부가 깔끔해지는 느낌은 받지 못했어요 그렇다고 수분감이 많다거나 보습이 잘되어 촉촉해지는 느낌도 없었고요.. 이건 피부마다 다 다르겠지만 저는 로맨틱한 효과는 보지못했습니다 그래서 사용중인 토너까지만 쓰고 다른 토너로 갈아타려구요.. 그냥 화장솜에 묻혀 닦아내는 용도로만 썼는데 피부결이 좋아지는건 모르겠네요!  트러블이 더 들어갔다거나 좋아진것도 모르겠고.. 효과를 보기위해서 제품은 가끔 단독으로만 사용해보기도하거든요 저에겐 그냥 그닥인제품이였네요 선택부분에 어쩔수없이 진정부분 선택하였으나 진정도 미비한 제품이였어요,2,복합성
267,"저는 어성초 토너를 이 기회에 처음 써봤는데 겨울엔 복합성,여름엔 지성(민감성)인 제 피부에는 잘 안 맞더라고요.....원래 쓰던 세이*스를 다 써서 새로운 토너로 도전해본거였는데 어째 흡수가 잘 안되는 느낌에 오히려 좁쌀이 올라와서 2주정도 쓰다가 사용중지했습니다😭 저는 한번 써본거에 만족합니다...완전 물같지는 않고 약간 콧물제형인점 참고하세요🙂",2,건성
268,여드름 상처에 바르니 따갑다고 하는데 상처 없는 지성페부에는 자극없어요,2,복합성
269,너무 비싸졋어요 광고로 뜬 이후에 가격 올린거 빼곤 ㄱ쓰는거는 문제없어요,3,복합성
270,솔직히 잡티 제거나 미백에 효과가 있는지 모르겟음. 단 보습에 는 좋은거 같음,3,건성
271,솔직히 잡티 미백에 좋다는데 아직 모르겠어요.. 그냥 앞으로 방지 차원에서 구매해서 사용하고 있어요 냄새는 너무 좋아요 찐덕찐덕한 세럼 느낌 싫어하시면 다른 제품 추천드릴게요 쫌 달라붙는 제형입니다 그래도 좋다는 후기가 있으니 오래 사용해보고 효과 지켜보려고 합니다,3,복합성
272,잡티가 흐려진다고해서 구매해봤어요청귤향이나서 좋네요,3,건성
273,세럼인데 유분감이 좀 많은것 같아요 특별히 아직 좋은 점은 모르겠네요,3,건성
274,단독으로 쓰면 뾰루지 올라오는데사용하는.크림이랑 섞어쓰면 안올라옴ㄹㅇ마법템,3,복합성
275,이거 쓰면.뾰루지 올라옴 ㅠ내주위엔.다잘쓰던데나만그럼ㅠㅠㅠㅠㅠ,3,복합성
276,자극없이 순하고 쟁여두기용으로 좋은 비타민세럼입니다~~~^*^ 👍,3,복합성
277,늘 ㅇ ㅐ용하는 ㅈ ㅔ품입니당 좋ㅇ ㅏ요! 또 구매할게요 ~~! 항상 구매해놓는 제품입ㄴ ㅣ당 ! 늘 ㅇ ㅐ용하는 ㅈ ㅔ품입니당 좋ㅇ ㅏ요! 또 구매할게요 ~~! 항상 구매해놓는 제품입ㄴ ㅣ당 ! 늘 ㅇ ㅐ용하는 ㅈ ㅔ품입니당 좋ㅇ ㅏ요! 또 구매할게요 ~~! 항상 구매해놓는 제품입ㄴ ㅣ당 !,3,복합성
278,올영에서 파는 세럼의 양대산맥! 이라고 알고있어서 어느정도의 기대치가 있었는데 그것은 옛 명성이었나 싶은 제품이었습니다. 개인적인 취향으로는 불호였어요. 제형은 물방울 같은 제형입니다. 점성이 있어서 흐르지 않는 점은 좋았어요. 하지만 그 제형때문인지 바르고 난 후에 진득거리는 느낌이 남습니다. 찝찝한걸 싫어하는 저는 치명적인 단점으로 느껴졌어요😭 그리고 그 마무리감 때문에 그 위에 수분크림을 올려도 화장하기 불편했어요. 그리고 저는 잡티제거에 그렇게 큰 효과를 보지 못했습니다. 그냥저냥 바를만한 세럼? 이라는 생각이 들었어요. 너무 디스만 한 것 같은데 비타c세럼이라는 이름에 맞게 향이 굉장히 상큼하고 발랐을때 자극이 없이 순하다는 장점이 있습니다. 마무리감은 별로였지만 수분을 가두는 느낌이 들어서 촉촉하긴 했어요.,3,복합성
279,나이아신아마이드를 다른 브랜드로 소량 함유된 제품을 써보고 미백과 피부결에 효과를 본 뒤 원액이 들어있는 디오디너리 제품을 사서 써봤습니다.* 자극이 있긴 합니다ㅜ민감성이라면 한방울 정도씩 크림과 섞어서 바르다가양을 늘려 바르는 걸 추천해요* 이 제품이 좋은 이유는 미백 효과는 있었어요그래서 자극이 덜 되는 방법으로 바르는게 꿀팁입니다!좋은 성분인데 잘 쓰면 좋으니까요~~,3,건성
280,조금 쫀쫀 ㅋㄱ꾸덕 느낌이요?! 근데 제 피부에 좀 강한지 다 벗겨지고 피부결이 더 나빠진 느낌이 들어요ㅠㅠㅠ 그뒤로 잘 안써져요,3,복합성
281,미백에 좋고 좁쌀에 좋다고해서 샀는데 효과는 모르겠어요?,3,복합성
282,기름을 말려주는 제품 같아요 저는 수부지라 사용하니 피부가 더 건조해지는 느낌을 받아서 사용을 중단했습니다 ㅠㅠ 바르면 피부가 따가운 자극도 있었습니다 피부가 민감하지 않은 지성이신 분들한테 잘 맞을 것 같아요,3,지성
283,"-피부타입수부지, 트러블, 예민함-요약미백 효과는 아직 모르겠음자극 복불복트러블 복불복피지 분비량 약간 줄어듬재구매 의사 있음피부 미백에 관심이 많아 사용해봤음, 가격대도 부담없고, 성분도 깔끔함다만 미백 효과는 아직 잘 모르겠음, 안색이 밝아지는 것 같기도 하고 아닌 거 같기도 함.확실한 건 피지조절엔 효과 있음, 사용한 다음날 세안 전에 보면 사용전보다 기름이 덜한게 보임.자극은 피부 상태, 같이 사용한 제품에 따라 다름같은 브랜드에 애씨드와 같이 사용하면 좋다고 해서 사용해봤는데 자극 있음. 따가움..... 많이...금방 사그러들기는 하지만....한번 더 구매해서 사용해보고 추후 재구매를 할지 고민 중",3,지성
284,미백에 좋다고 해서 구매했는데저에게는 너무 자극감이 느껴집니다.손이 안 가게 되네요.,3,복합성
285,피부과쌤이추천한 상품이라 믿고구입했어요발림성도좋고,3,건성
286,처음 사용했을때 충분히 제품에 대한 위험성?을 인지 못하고 사용해서 좀 뒤집어졌었는데 이후에 스킨케어 마지막 단계에 크림이랑 섞발하면서 하루 이틀 띄워서 저녁에만 발라주니 약간이나마 제품력을 느낄 수 있었던 거 같아요! 디오디너리는 원재료 그대로 함량 속임 없는 브랜드라서 정말 공부 많이 하고 본인 피부 상태를 정확히 아시는 분만 사용하는게 좋을거 같아요 아 그리고 몇번을 발라도 약간 따가운 느낌은 계속 있네요 저는 그 정도가 너무 심하다 싶으면 그냥 씻어내고 그날은 스킵하고 그랬습니다,3,지성
287,피부컨디션따라 따끔거릴때도잇지만 신경쓰일정도는 아니여서 계속 사용하고있습니다 다른것보다는 밀림이잇어요 ㅠㅠ 저녁에만 바르는데 많이 올린것도 아니고 토너후에 발랏을뿐인데 충분히 흡수 시킨다고해도 때처럼 자꾸 밀려나와요 .. 제가 문제일까요..?😭 일단 더 사용해 보겠습니당 헿헤,3,복합성
288,오전에 모이스처라이저 사용전에 사용하려고 제구매했는데 제품 받아보고 정말 놀랐어요. 상품 포장 & 배송에 유의해달라는 메세지에도 넝마가 된 택배박스에다 겉포장에서 빠진 제품들이 대다수이더라고요. 배송시 얼마나 험하게 다루어졌는지 알겠더군요. 올리브영은 매번 상품 포장 & 배송에 치명적인 실수를 범하면서도 전혀 개선이 되지않네요!!!,3,복합성
289,순하고 정말 무난 그 자체인 마스크팩. 장점도 단점도 딱히 없음. 1회사용으로  티트리 진정효과를 엄청나게 바라면 안됌.,3,복합성
290,메디힐 팩을 많이 사용하고 있습니다. 성능에 비해 가성비가 좋거든요 티트리 팩을 엄청 많이 썼었는데 이제 이 제품은 저에게 효과가 없나봅니다. 가렵지는 않았었는데 트러블이 올라오더라구요.팩 15분 하고 난 뒤 속당김은 없었는데 유분기가 있었습니다.촵촵 흡수를 빨리 시켜줘야 될듯합니다.,3,복합성
291,"티트리성분이 있다고 해서 요즘 피부가 안좋아져서 한번 사봤어여! 양도 안에 엄청 많고 밀착도 잘됐는데 아쉬운 점이 마스크팩을 다 하고 흡수 시켰는데 얼굴이 너무 끈쩍해서 그위에 로션을 발라도 많이 끈적하더라고여,, 그래서 그걸 못참고  어쩔수없이 세수를 다시했어여..",3,건성
292,메디힐 티트리는 데일리 팩으로 좋은 것 같아요.엄청난 특별한 효과가 있는 것은 아니고요.데일리로 무난하게 진정관리 해주기에 좋습니다.행사도 많이 하니까 늘 사다놓는 거 같아요.트러블 좀 올라올 것 같다 싶을 때 하나.그냥 뭔가 건조할 때 하나.그냥.. 팩 좀 하까 할 때 하나.그냥 이렇게 막막 잘 쓰고 있습니당.다들 메디힐 티트리 팩은 뭔가 그냥 늘 사지 않나요?ㅎ 없으면 불안해 !,3,지성
293,먼저 두께는 타사 팩들보다는 얇은 편이고요 시트가 되게 부드러워요! 그리고 에센스가 많아서 밀착이 정말 잘됩니다 깜빡하고 팩할 때 사진을 못 찍어서 아쉽네요ㅠㅠ 저는 18살 학생이고요 여드름성에 복합성 피부입니다 곧 여름이 다가와서 피부가 심하게 뒤집어질까 걱정하고 있었는데 진정에 좋다고 해서 구매하게 됐습니다 3번 써봤는데 솔직히 아직까진 진정 효과는 잘 모르겠어요ㅠㅠㅠ 꾸준히 쓰다 보면 효과가 나타나겠죠..? 그래도 확실히 피부 열감이 내려가고 피부 결이 달라진 게 느껴져요!!  도움이 되셨길 바랄게요♡,3,지성
294,"촉촉하고 이가격에가성비갑임. 근데 솔직히 뭐 하고안하고 담날 큰 차이는 못느끼겠음ㅠ팩하면 ㅇㅂㅂ지.. 이건 당연함 글고 아비브팩중에 제일 좋은게 이거 초록잎아비브팩임.. 지금 할인할때 5개 쟁였는데 아주 든든함, 일단 피부 뒤집어지려할때, 술마시고 담날 백퍼 화장안먹을때 하고 자면 진짜 ㄹㅇ 인생 달라징. ㅎ화장 개잘먹고 쵹촉함 이거 액? 도 되게 마니 들어서 좀 담날도 쓸수있고 아주 전신에 다바를ㅅㆍ있음 좀 찐득할수있는데 어쩔수없고 팩중엔 이게 ㄹㅇ 답임 갑임. 거의피부과 가는것마냥 약처럼 사용하는 제품임 근데 사실 비싸서 나는 쟁여놨다가 진짜 ㄹㅇ 중요한날전에 무조건 딱..한번씩 쓰는편! 하고안하고 엄청 차이마니남 이게 보습 진정 화장잘먹게하는거에 는 갑인 제품이고 이거는 꼭해야함 더이상 더 바를것도 없고 걍 이거만하고 꿀잠 자면 덤 술먹고이거 꼭해야함니다요 여러붕ㆍ우응ㆍㄴ들?,!",3,복합성
295,저랑은 잘 안 맞는지 붙인 후 조금 지나니까 따갑네요ㅜㅜ다음에는 마데카소로 주문할 것 같아용1일 1팩 용으로 시킨 거였는데 따가워서 다른 거랑 교차해가면서 쓰려고 합니다,3,복합성
296,좋아요  피부 관리를 하고 싶을데 데일로 붙이기  좋은거 같가요 추천,3,건성
297,도나죠아죠아용또구매하겔용!! 자주자주죹어여옿또살개요,3,지성
298,무난해요 특별히 진정이 되는지는 모르겠어여 ! 나뿌지는 않았어요 다만 꼳 아걸 사야할 필요를 못느낄분?,3,복합성
299,자극없이 순하다! 가 끝인 제품!어떤 점이 좋은지 정말 잘 모르겠어요지금 찾고 있는중이에요..제 기준 겉도는 느낌이 강해요ㅠㅠ아침엔 못바를것같아요,2,복합성
300,"팩을 먼져써봤는데 다섯번정도 재구매해보고서,확신에 이 에센스는 나한테 찰떡이다!ㅎ생각하고 구매했어요.그런데..어째서인지 팩과는 다르게 이에센스는 저와 맞지않더라구요ㅜ그래도 좀더써보자하고 3일써봤는데,바르면 따꼼하고 붉어져서..결국 포기하고 서랍에 넣어두었어요.수분감만 있는게 아니라, 약간 무거운 제형이더라구요.그래서 가을에 좀 시원해지면 다시 써보려구요!스포이드라서 위생적이고 냄새가 거의없어서 안맞는거 말고는 다른 불만없어요.부드럽게 잘발리고 밀리지않았어요.그대신 흡수가 빠른편은 아닌데,콧물점성이라해야하나,아예물은 아니라서 그건 어쩔수없는거 같아요.그래서 화장전보다는 밤에 수분공급용으로 써야할꺼같아요!가을에 다시 써보고 추가후기 남길께요ㅜ",2,건성
301,아직 사용 일주일차이긴 한데 생각보다 실망스럽습니다같은 라인 수분크림에 만족해서 세럼도 도전해봤더니예상한 것과 많이 다르네요콧물같은 제형에 바르면 온천수같이 미끌미끌해서 흡수는 잘되는데이상하게도 금새 표면이 건조해져서 하얗게 됩니다일단 확실히 건성피부에는 안맞는듯 합니다나머지평은 한달 더 써보고 리뷰 쓰겠습니다,2,지성
302,"세럼은 이미 50미리 용기하나 비우고 큰걸 사서 쓰는중입니다.이번 겨울은 토리든 다이브인 제품 라인으로 지냈다할정도로토리든 제품만 사용했습니다.사실 저는 수부지인지 알았는데 건성이더라구요🤣 토리든 제품 SNS에서 처음보고 속건조를 잡아준다고 해서 올리브영에서 구매 했습니다❣️속건조를 잡아준다기보단 세안 후에 사용하니 아무래도 촉촉하다 느껴지더라구요. 하지만..촉촉하지않습니다. 그냥 무난해요.지성분들이 가벼운 라인 찾으신다면 토리든 강추해드릴수 있지만 건성이나 수부지분들에겐 비추하고 싶어요.오히려 출근때 사용하고 회사도착하니 바로 건조하다 느껴지더라구요. 요즘같이 날씨가 점점 따뜻해지니 체온이 올라가서 그런가 정말 건성 또는 수부지분들께는 추천🚫✅️토리든 사용한 라인은 다이브인 제품이며, 현재 멀티패드와 함께 토너와 세럼, 수딩크림, 크림까지 사용중입니다.간략하게 정리해서 건성과 수부지에게 비추😂지성분들에겐 가볍고 물타입이라 완전추👍끈적임없고 산뜻한 물제형이며 금방 스며듭니다.가려움이나 자극은 전혀 없었고 향도 없는 그 부분은 좋았어요🤗",2,지성
303,쫀득한느낌이없어요 자꾸덧바르게되고 여름엔 뭐 괜찮을것같지만 전 건성이라 아쉬워요,2,지성
304,일단 본론부터 말하자면 슬프게도 이 제품은 저한테 안 맞았습니다. 속보습을 채워주는데 히알루론산 세럼이 좋다는 걸 듣고 그중 유명한 토리든 제품을 사본 건데 히알루론산이 문제였을까요? 후 다른 거 썼을 땐 그냥 그랬던 거 같은데 아무튼 안 맞아서 얼굴에 울긋불긋 뭐가 올라오더라고요. 특별히 생활패턴이 바꾸거나 생리주기가 온 것도 아니었고 딱 제가 안 맞는 화장품을 썼을 때처럼 되길래 이게 문제구나 하고 알아챘어요. 그래도 처음에 살짝 올라올때 이것 때문이 아니라고 생각한건 이 제품이 정말 좋다고 느꼈기 때문이었어요.우선 되게 촉촉함이 크게 느껴졌어요. 얼굴에 소량만 도포해 발랐는데 약간 팩을 한것처럼 미끌미끌하면서 촉촉하게 수분을 채워주는 느낌이었어요. 스포이드도 고무부분이 잘 눌러져서 한번에 많이 빨아들이게 되서 여러번 누르지 않아도 되서 좋았어요.단점이라고 하면 얼굴에 딱 뿌리고 문지르는데 살짝 구리구리한 냄새가 났어요. 뭔가 했는데 계속 문지르다보니 안나긴하는데 딱 처음에 얼굴에 뿌릴따마다 그러더라구요,2,복합성
305,너무 흡수가 안돼서 다 겉도는느낌만 있어요 사용후에도 촉촉함은 없고 오일리한것도 아닌 그냥 미끌거리는 느낌뿐..,2,건성
306,피부가 많이 예민해서 로션밖에 바르는게 없었는데 이게 화해에서도 그렇고 너무 유명해서 한번 써 봤는데요 전에 샘플 받은거 까지 포함해서 4일정도 썼더니 눈 밑에 알레르기 반응이 올라오면서 얼굴에 붉은 여드름이 나더라고요ㅜ,2,건성
307,자극은없고 좀 묽은데수분감은 있는편이 에요여름에 쓰기 좀 기름져요시간지나면ㅜㅜ수부지인데 시간 지나니까기름 올라오더라고요,2,복합성
308,저 한테 안 맞아서 엄마 한테 줘야 겠네요 몇일 쓰니깐 얼굴이 가렵고 그래서 중단했어요 😢,2,복합성
309,"정말 세럼을 계속 바꿔가면서 많이 써보기도 했고 랭킹에 올라있는 건 거의 다 써본 유목민입니다.. 🥲어쩌다 토리든 마스크팩을 써보고 꽤 좋아서 세럼까지 써보게 됐고 인생템 됐습니다 !! 글자수 부족해서 줄여씁니다!✔️ 우선 ! 진짜 맨들맨들? 하게 잘 발려요 ! 발림성이 진짜 좋아요 ! 피부가 매끈매끈해지는 느낌 ?✔️ 사진 보시면 점성이 많지 않은 콧물 타입 주르륵 제형인데요 ! 그런 제형인데도 크게 흐르지 않고 바르면 바로 착 피부에 달라 붙어줍니다 !! 바르면서 분명 스포이드로 짰을 때는 흐르는데 피부에 바르면 바로 밀착돼서 항상 신기해요✔️ 제일 좋은 점 !!!! 진짜 흡수력이 미쳤어요 ;ㅠㅠ 걍 진짜 바르면 잔여감 없이 바로 흡수되고 피부를 쫀쫀하게 잡아줍니다 ! 세럼 바르고 크림 바르려고 짠 순간.. 없어져 있는데 그게 마른게 아니라 정말 흡수돼서 촉촉한 느낌이라 너무 좋아요 !!!!! 진짜 안바른 것 같은 잔여감 제로예요✔️ 속건조 진짜 잡아줍니다.. 우선 제가 겨울에 사용해본게 아니라 3월달에 주로 사용했어서 엄청 건조하진 않았습니다 ! 그렇지만 저는 원래 나비존.. 진짜 속건조가 심한 편인데요 ! 그래서 스킨케어를 해도 그 갈라지는 느낌이 있었어요,, 그런데 토리든 세럼 쓰고 나서는 속건조 그리고 갈라짐 정말 개선된 걸 느껴요! 진짜 지금도 이거 쓰면서 예전이랑 다른 볼 같아요✔️ 쿨링감이 센 편은 아니지만 저는 약간의 피부를 쫀쫀하게 잡아주는 느낌도 들었고 진정 효과도 봤습니다 ! 하지만 주기능? 은 수분감 ! 속건조 개선이라 모공 수렴과 미백 용으로는 비추예요✔️ 무엇보다 자극이 전~~~~혀 없어요 ! 민감성 분들도 사용하실 수 있는 무자극템!✔️ 저는 이마, 코 쪽에 기름이 많은 복합성인데요 ! 세럼은 조금이라도 유분끼가 돌면 겉돌고 크림 쓰기도 전에 기름이.. 좔좔 흐르는게 일상이었는데 지성 피부에도 잘 맞아서 너무 좋아요 ㅠㅠㅠ✔️ 스킨케어 전에도 화잘먹 베이스로 깔아주기 너무 좋아요 ! 흡수가 빨라서 수분감은 채우고 오래가면서 안 바른 듯 ! 합니다✔️ 또 좋은 점 ! 다른 스킨케어들과 걷도는 게 아니라 토너나 크림 어떤 걸 써도 튀지 않고 같이 잘 어우러지는 느낌이라... 어떤 스킨케어 루틴에 넣어줘도 제 할일 잘해주는 아이예요 !!!!✔️ 패키지도 환경을 생각한 심지어 깔끔한 느낌이고 스포이드도 다른 제품들에 비해 많이 흡수되고 깔끔하게 사용하기 좋은 편이었어요진짜 이 세럼 때문에 토리든 브랜드 자체에 믿음이 생겼고 이번에 새로 나온 초록 라인들도 탐나는... 진짜 호불호 안갈릴 듯한 템입니다 !!! 속건조 고민하시는 분들, 모든 부분에서 무난한 템 찾으시는 분들 !! 추천드려요 !! 거기다가 가격도 진짜 착해요 !!!",5,지성
310,한살 먹고 속건조가 생겼어요...원래 수분부족형인건 알아서 유수분 밸런스를 유지하는데노력했는데 부족했는지 .. 속건조가 생겼어요 이번에 수분감제품 샀는데 만족해용속건조 잘 잡아줘용 !!!!저와같은 피부스타일(복합성 수분부족형지성+건성)있으신분들은 완전 사면 좋을거같아요병도 너무 기엽고 투명이고 심지우 1+1 언능사세오 !!!!속건조 잡고 이번 여름에 갈라지는 느낌 타파할게오,5,복합성
311,"스킨만으로 수분감이 부족할 때 쓰면좋습니다.이것만 바르면 안되구요, 당연히 로션 추가해야하는데요 확실히 스킨 바른다음,이거바르면 훨씩 수분충전이 잘 됩니다. 순하고 무향입니다.추천드려요",5,복합성
312,토리든 다이브인 저분자 세럼! 베스트셀러에는 이유가 있지요!! 꾸준하게 사용중인 제품으로 원플원할인할때 구입하고 있어요 저분자 히알루론산이 피부 깊숙하게 스며들어 촉촉함을 유지시켜두고 한번더 레이어링하면 수분감이 가득한걸 느낄수있어요,5,복합성
313,민감성 수부지 피부인 제게 필수세럼이라 할인할 때 미리 쟁여놓으려고 구매했어요,5,지성
314,1+1 행사해서 너무 좋아요 정말 애용하는 제품 이벤트 할때 딱 살수 있어서 좋아요,5,건성
315,지성피부인데 인생 세럼 나왔습니단.. 진짜 수분만 주고 산뜻하고 너무 좋아요,5,지성
316,✨️올영 러버의 공병 인증템✨️🙆‍♀️수분부족형 지성 다 모여🕶🙆‍♀️성분에 예민한 분들❤️‍🔥🙆‍♀️끈적임zero 기초템 찾는 분들😉수부지인 저에게 없어서는 안될 보습템이에요!우선 성분은 말이 필요 없을 정도로 정말 좋고 흡수도 빠르고 바르는 즉시 수분감이 채워져요! 사계절 내내 사용 중이랍니다! 메이크업 전에 사용해도 유분감이 올라오지 않아 좋았어요! 저는 최근에 구매한 기초템 중에 제일 만족한 제품이라 주변에도 추천하고 다니는 중이에요ㅎㅎ 다만 용기만 펌프형으로 바뀌면 사용하기 더 용이할 것 같아요🥺 용기 빼곤 다 마음에 들어서 재구매 예정입니다!😉,5,지성
317,"정말 세럼을 계속 바꿔가면서 많이 써보기도 했고 랭킹에 올라있는 건 거의 다 써본 유목민입니다.. 🥲 어쩌다 토리든 마스크팩을 써보고 꽤 좋아서 세럼까지 써보게 됐고 인생템 됐습니다 !! 글자수 부족해서 줄여씁니다!✔️ 우선 ! 진짜 맨들맨들? 하게 잘 발려요 ! 발림성이 진짜 좋아요 ! 피부가 매끈매끈해지는 느낌 ? ✔️ 사진 보시면 점성이 많지 않은 콧물 타입 주르륵 제형인데요 ! 그런 제형인데도 크게 흐르지 않고 바르면 바로 착 피부에 달라 붙어줍니다 !! 바르면서 분명 스포이드로 짰을 때는 흐르는데 피부에 바르면 바로 밀착돼서 항상 신기해요✔️ 제일 좋은 점 !!!! 진짜 흡수력이 미쳤어요 ;ㅠㅠ 걍 진짜 바르면 잔여감 없이 바로 흡수되고 피부를 쫀쫀하게 잡아줍니다 ! 세럼 바르고 크림 바르려고 짠 순간.. 없어져 있는데 그게 마른게 아니라 정말 흡수돼서 촉촉한 느낌이라 너무 좋아요 !!!!! 진짜 안바른 것 같은 잔여감 제로예요✔️ 속건조 진짜 잡아줍니다.. 우선 제가 겨울에 사용해본게 아니라 3월달에 주로 사용했어서 엄청 건조하진 않았습니다 ! 그렇지만 저는 원래 나비존.. 진짜 속건조가 심한 편인데요 ! 그래서 스킨케어를 해도 그 갈라지는 느낌이 있었어요,, 그런데 토리든 세럼 쓰고 나서는 속건조 그리고 갈라짐 정말 개선된  걸 느껴요! 진짜 지금도 이거 쓰면서 예전이랑 다른 볼 같아요✔️ 쿨링감이 센 편은 아니지만 저는 약간의 피부를 쫀쫀하게 잡아주는 느낌도 들었고 진정 효과도 봤습니다 ! 하지만 주기능? 은 수분감 ! 속건조 개선이라 모공 수렴과 미백 용으로는 비추예요✔️ 무엇보다 자극이 전~~~~혀 없어요 ! 민감성 분들도 사용하실 수 있는 무자극템!✔️ 저는 이마, 코 쪽에 기름이 많은 복합성인데요 ! 세럼은 조금이라도 유분끼가 돌면 겉돌고 크림 쓰기도 전에 기름이.. 좔좔 흐르는게 일상이었는데 지성 피부에도 잘 맞아서 너무 좋아요 ㅠㅠㅠ✔️ 스킨케어 전에도 화잘먹 베이스로 깔아주기 너무 좋아요 ! 흡수가 빨라서 수분감은 채우고 오래가면서 안 바른 듯 ! 합니다✔️ 또 좋은 점 ! 다른 스킨케어들과 걷도는 게 아니라 토너나 크림 어떤 걸 써도 튀지 않고 같이 잘 어우러지는 느낌이라... 어떤 스킨케어 루틴에 넣어줘도 제 할일 잘해주는 아이예요 !!!!✔️ 패키지도 환경을 생각한 심지어 깔끔한 느낌이고 스포이드도 다른 제품들에 비해 많이 흡수되고 깔끔하게 사용하기 좋은 편이었어요진짜 이 세럼 때문에 토리든 브랜드 자체에 믿음이 생겼고 이번에 새로 나온 초록 라인들도 탐나는... 진짜 호불호 안갈릴 듯한 템입니다 !!! 속건조 고민하시는 분들, 모든 부분에서 무난한 템 찾으시는 분들 !! 추천드려요 !! 거기다가 가격도 진짜 착해요 !!!",5,복합성
318,팩으로 한 번 써보고 수분감 잘 채워주는 거 같아서 샀는데 발림성 굿이에여 ㅎㅎ 수분감도 좋구요,5,복합성
319,트러블이있어서 주문취소 원했는데 배송준비중이라고 안해주네요..,1,지성
320,하루 사용했는데 접촉성피부염...  시트올리고서 따끔따끔했는데 자고 일어나니 가렵고 따끔거리고 얼굴이 빨갛게 뒤집어져서 피부과가서 처방받고 왔습니다이회사꺼 2제품 구매했는데 다른 제품을 써야 할지 고민이네요원래 예민하긴 한데 마스크팩으로 접촉성피부염 생긴건 처음이네요ㅜㅜ,1,건성
321,나뿌지않아요 ㅎㅎ재구매 또 할게요 자극도 ..별로없고 좋아요,1,건성
322,트러블이있어서 주문취소 원했는데 배송준비중이라고 안해주네요..,1,복합성
323,"일단 저는 메디힐 마스크팩 불호를 외치던 사람입니다 ㅋㅋㅋ ㅠㅠ 이상하게 메디힐 쓸때마다 너무 끈적여서 뭐가 나는거 같더라구용..? 근데 메디힐 검은색? 피지, 모공?? 그거 썼는데 그건 또 안끈적거리고 제 피부에 맞길래 메디힐꺼 다시 하나둘씩 사용해볼까?? 싶어서 이 제품도 구매하게 됐어요ㅎㅎ 일단 저는 여름엔 일주일에 3~4일은 시트팩 해주는 편이에요! 왜냐면 온몸에 열도 많이 오르고 또 땀쟁이라.. ㅋㅋ큐ㅠ 피부가 썩는게 느껴질정도거든요.. 피부화장+땀의 콜라보 아시져^^,,? 근데 이 제품이 세일 크게하길래 구매해봤는데 역시나,, ㅜㅜ 메디힐이랑 저랑 안맞는거 같아요 이 팩쓰면 볼두쪽이 진짜 아플정도에요 ㅜㅜ… 저같은 분들 없나요,,? ㅠㅠ 🥺 제피부가 문제인지는 모르겠는데 민감성 피부도 아니라 좀 당황스럽네요 ㅠㅠ",1,복합성
324,메디힐만 쓰면 두드러기 나요..넘아쉽네여 가성비좋다던데 저에겐 안맞아요,1,지성
325,원래 잘 썼었는데 어느날부터 이거쓰고 피부 따갑고 뻘개져요 ㅠㅠ 고생했다는 ㅜㅜ,1,복합성
326,리뉴얼 전에는 중요한날 전에 매일 사용했었는데 그땐 자극이 아예없었어요 근데 리뉴얼 되고나서 써보니까 저만 그런지 모르겠는데 얼굴이 너무 따가워요 얇게 잘 밀착되고 에센스 양도 충분해요 근데 진짜 너무 따가워요 붙이자마자 바로 뗐어요 진정이 되는건지도 모르겠고요 홍조가 오히려 더 심해졌어요.. 리뉴얼 전이 더 나 은거 같아요,1,지성
327,다른 리뷰어처럼 저도 리뉴얼 전이 훨씬 좋다고 생각하고 rex 상품 다시 나왔으면 좋겠어요이거 하고 있음 모공 막고 답답한 느낌 들고 피부 좋아지는거 1도 못느꼈어요오히려 피부 안좋아지는 느낌.,1,건성
328,"최악이에요ㅠㅠㅠ 제일 무난하고 잘맞던 팩이라 매 세일때마다 쟁여놓고 1일1팩하던 팩인데 갑자기 리뉴얼 되더니 자극이 엄청난 팩으로 바뀌었어요.. 처음엔 잘쓰던팩이라 팩때문이라는 인지를 못하고 왕창 쌓아놓고 사용하다가 입가 피부 초초초예민상태로 바뀐후에야 알아챘네요,,, 1팩 반이나 남았는데 저거 어떻게 처리하죠.. 진짜 화나요,,ㅠㅠ",1,건성
329,첫 구매부터 지금까지 아주 잘 사용하고 있는 클렌징 오일이에요!!😄동생도 클렌징 오일은 이것 만 사용해 세일할 때 항상 쟁여두게 되네요~🤭워낙 귀차니즘이라 메이크업 했을때에도 그냥 폼으로만 세안하고 화장솜에 토너를 묻혀 닦아내기만 했는데 그때에도 약간의 메이크업 잔여물이 보였지만 그냥 닦토를 하니 괜찮겠지하다가 이 제품을 사용하니 잔여물이 1도 안 묻어나와요!!😃워터푸르프계열의 아이메이크업 제품들은 전용 리무버로 지워야 지워지지만 평소에 간단히 하는 메이크업은 이 오일만으로도 잘 지워지고 무엇보다 순해서 그런지 피부에 자극도 없고 안구건조증도 있어서 눈시림이 있는 제품은 정말 싫은데 이 제품은 눈시림이 거의 없어서 정말 좋아요!!😍가끔은 귀찮아서 잘 안 쓰기도 하지만 안 쓴 다음날엔 확실히 블랙헤드나 피부거칠기가 달라서 또 며칠은 잘 사용하게 되네요..🤣,5,건성
330,매일 저녁 사용 하는데 효과 좋아요 ㅎㅎ 꾸준히 사용해야될거같아요 ㅎㅎ,5,복합성
331,"전 모공 부자라서 블랙헤드 관리 자칫 잘못하면 모공이 더 부각돼서 피부가 지저분해져 보여서 한 달에 몇 번은 블랙헤드 제거를 꼭 해줘야 하는 피부에요.모공 깊은 곳 블랙헤드를 꼼꼼하게 케어할 수 있는 스페셜 아이템과 간편하게 매일 사용할 수 있는 데일리템 기획세트랍니다.인체적용 테스트로 입증된 3가지가 있어요모공 관리, 블랙헤드 관리, 피지 관리가 가능한 오일이에요.​저는 작년쯤에 블랙헤드 땜에 스트레스 받았을 때 알게 돼서 한 통을 다 비울 정도로 알차게 썼던 오일이었어요 저희 집식구들이 모공 부자라서 저뿐만 아니고 오빠까지도 잘 썼던!!딥 클렌징 용이지만 피부엔 자극 없이 부드럽게 발리는 오일리 한 제형이라서 문질 문질 해줘도 부담 없어요메이크업도 말끔하게 케어해주기도 하고요건조하지 않고 촉촉한 마무리감이랍니다.",5,건성
332,몇 년째 구매에서 사용하고 있어요. 가격도 저렴하고 세일도 많이 해서 좋아요.,5,복합성
333,완전 데일리템세일할 때마다 2개씩 사서 화장품 넣어놓는 곳에 넣어놓고 잘 쓰는 중,5,지성
334,원래쓰던제품인데 대용량에세일까지해서 구매했는데 세일이라많이사려다한개만 구막하길잘한거같아요유통기한이 아쉽네요,5,복합성
335,거짓말 안하고 저 이거 10통 이상 사용중입니다!화장장도 진짜 잘 지워지고 피부 예민한 편인데 너무 기름지거나 건조하지도 않아요 트러블도 전혀 안나요 지성 건성 복합성 타입 다 사용 가능할 것 같아요제발 이거 사주세요!!!! 대용량 굿!!,5,복합성
336,배송도 빠르고 사용감도 만족스럽네요! 자주 사용할 거 같습니다!,5,복합성
337,자극없이 순하긴한데 모공안에 있는 노폐물이 완전히 없어지지는 않는 것 같아요,5,복합성
338,여태 썼던 클렌징 오일보단 묽어요! 그렇다고 막 흘러내리거나 하진 않은데 얼굴에 올리면 보다 산뜻한 느낌이에요~ 세정력도 괜찮은 것 같고 모공도 줄어드는 느낌은 드는데 피부결이 좋아진 것 말고 모공에 큰 변화는 못 느낀것 같아요! 다만 세안할 때 눈 앞이 뿌예지는데 처음에 눈에 문제 생긴 줄 알고 좀 놀랐어요.. 가성비도 좋고 효과도 좋아서 다시 구매할 예정이에요!,5,지성
339,🚫민감성 피부시거나 극 지성피부면 구매를 고려해보세요저는 민감피부에 극 지성 피부입니다 가끔 트러블도 잘 올라오는데 ... 진정에 좋다는 메디힐 티트리 시트팩만 쓰면 오히려 트러블이 더 올라와요 너무 오일리해서 피지조절이 안되서 그런지 아니면 티트리오일이 자극 되서 그런지 모르겠는데같은 라인인 마데카소사이드 팩은 안그렇거든요....세일할때 많이 쟁여놨는데 아쉽네요,2,복합성
340,자극없이 순했고 민감형피부에 딱 맞는 포뮬러였어요 진정효과는 딱히 느껴지지 않았어용,2,복합성
341,"사실 전,,, 메디힐 마스크팩 불호를 외치던 사람입니다 ㅋㅋㅋ ㅠㅠ 이상하게 메디힐 쓸때마다 너무 끈적여서 뭐가 나는거 같더라구용..? 근데 메디힐 검은색? 피지, 모공?? 그거 썼는데 그건 또 안끈적거리고 제 피부에 맞길래 메디힐꺼 다시 하나둘씩 사용해볼까?? 싶어서 이 제품도 구매하게 됐어요ㅎㅎ 일단 저는 여름엔 일주일에 3~4일은 시트팩 해주는 편이에요! 왜냐면 온몸에 열도 많이 오르고 또 땀쟁이라.. ㅋㅋ큐ㅠ 피부가 썩는게 느껴질정도거든요.. 피부화장+땀의 콜라보 아시져^^,,? 근데 이 제품이 세일 크게하길래 구매해봤는데 역시나,, ㅜㅜ 메디힐이랑 저랑 안맞는거 같아요 이 팩쓰면 볼두쪽이 진짜 아플정도에요 ㅜㅜ… 저같은 분들 없나요,,? ㅠㅠ 🥺 제피부가 문제인지는 모르겠는데 민감성 피부도 아니라 당황스러워용 ㅠㅠ",2,복합성
342,좋아요 굿. 근데 좀 아쉬운 게 제가 면에 피부가 되게 예민한 편인데 약간 사용항 때 자극이 갔어요. 그래도 가성비 좋아요,2,복합성
343,저는 이 마스크팩을 진정효과를 보려고 구매했는데 진정효과는 거의 느끼지 못했어요 ㅠ티트리가 많이 들어갔다고 해서 진정을 목적으로 구매했는데요. 어떤 유튜버 분이 여기 들어간 티트리ㅜ함량으로는 효과를 볼 수 있는 유의미한 정도가 들어간게 아니라는것을 보고서는 그 후로는 잘 사용을 하지 않게 되었던거ㅜ같아요진정효과를 목적으로 사용하기 보다는 보습이나 수분 공급을 목적으로 이 제품을 사용하시면 좋을거같아요!  이 팩을 사용하고나면 에센스덕분에 엄청 촉촉해지고 살짝 끈적거리는 느낌이 있긴하지만 그 촉촉함이 다음날 아침까지 잘 유지되는거 같더라구요!! 보습력은 최고인고같아요시트내에 에센스양도 충분하고 시트의 밀착력도 좋은 편이라서 사용감하나는 정말 좋았는데 효과 하나만 좀 불만족스러웠네요,2,복합성
344,"💫피부 타입:수부지,좁쌀여드름,화농성 여드름, 여드름 자국💫장점-얼굴에 붙이고 땠을때 촉촉함이 느껴짐-얼굴에 붉은기가 진정됨-에센스가 많아서 30분 정도 붙여놓을 수 있음-시트가 부들부들하고 밀착력이 좋음💫단점-코부분 시트가 조금 짧아서 코가 완벽하게 덮어지지는 않는다-지금은 할인을 해서 1개에 1000원이지만 1장에 2000원 이란 가격은 결코 싸지만은 않은 가격임-팩을 하고 나서 끈적함이 매우매우매우 심함-여드름에 오히려 자극이 좀 가는 느낌 약간 더 심해지는 느낌💫추천하는 피부타입,스타일-피부타입:건성,속건조-스타일:팩하고 마무리감에 상관 없으신 분,건조함,속당김이 심하신 분 ,무거운 팩 느낌 좋아하시는 분💫비추하는 피부타입,스타일-피부타입:화농성 여드름이 많은 편인 분,좁쌀여드름아 많으신 분,여드름 나신분,지성,수부지-스타일:팩 마무리감 산뜻한거 좋아하시는 분, 끈적한 느낌 싫어히시는 분, 가벼운 느낌의 팩을 좋아하시는 분총평:재구매의사 없습니다",2,건성
345,우선 제 피부는 악건성 민감 여드름 피부인데 티트리 성분이 피부에 맞지 않은 경우가 있어서 걱정했는데 역시......맞지 않더라고요ㅠㅠ마스크팩을 얹자마자 너어무 따가워서 결국 바로 뗐습니다ㅠㅠㅠㅠ민감피부이신분들 참고하시기 바랄게요그래도 에센스는 부족없이 충분해서 티트리 잘 맞는 분들은 적극추천합니다,2,건성
346,제 피부가 트러블이 엄청 많이 나는 피부인데 이 마스크 팩을 설날 때 한참 기름진 음식을 많이 먹고  피부관리도 못해줘서 여드름도 엄청 많이나고 장난아니게 당장!!! 진정이 필요했던 상태로 이 제품을 구매하게 되었습니다. 이 마스크팩이 뭘로 유명합니깡?! 바로 피부 트러블 진정 아닌가욥!! 만땅 기대를 하고 사용 했습니다. 일단 바스크팩의 밀착력은 좋았습니다. 그리구 안에 에센스양도 많아서 넉넉하니 좋았어요! 하지만 가장 중요한 진정효과!!!!! 는 없었어요… 네 … 얼굴이 되게 팅팅 붓는 느낌도 나고 간지럽고 따가워서 얼마 못하고 앙대!!!!!!위험해!! 이건 뭐야 빨리 빼버려 라는 신호를 받았어서 바로 사용 중단을 했습니당 ㅜㅜ 되게 다른 리뷰들 보면 효과가 좋던데 전 아니였나봐요ㅠㅠ 저애개 맞는 진정 마스크팩을 찾아봐야겠어요🥹,2,복합성
347,10개이상 구매하면 박스로 오는줄 알았는데 낱개로 와서 아쉬워요. 팩 원래 이렇게 따가운가요ㅠㅠ…,2,복합성
348,딱히 진정효과있는지모르겠고 보습효과도 잘 모르겠습니다,2,복합성
349,"💛💛💛 피부타입: 여름에는 지성 피부/봄,가을, 겨울에는 복합성 피부 + 민감성 피부 💚💚💚 피부고민: 마법기간에 특히 올라오는 뾰루지, 뾰루지가 남기고 가는 피부요철, 주근깨 등등 🌈🌈🌈 퍼스널컬러: 여름 쿨톤 라이트 🌿🌿🌿 이 제품의 특장점: - 여름에 가볍게 세럼만 바르고 기초단계 마무리 하고 싶을 때 바르기에는 가벼워서 괜찮은 거 같습니다!- 끈적임이 남지 않아서 그 점은 좋아요🤔🤔🤔 이 제품의 아쉬운 점: - 잡티 세럼이라 해서 한 두달 매일 꾸준히 바르면 없어지진 않아도 아주 조금이라도 옅어지는 걸 기대했는데 그런 건 1도 없는 느낌이에요,,,^^- 이 세럼으로 얼굴이 환해지거나 잡티가 옅어지는 걸 기대하시지 말고 피부과에서 레이저 후 유지용으로만 쓰는게 낫지 않을까 조심스럽게 생각해봅니다...ㅎ- 재구매 의사는 없어용,,,😎😎😎 이 리뷰가 도움이 되셨다면 밑의 좋아요를 눌러주시면 감사하겠습니다 👍 🙏",2,복합성
350,분명 유튜버가 쓸때는 흡수도 잘되고 끈적임 없어보였는데왜 내가 쓰면 마무리가 이렇게 끈적이는지.. 끈적이는데 속건조도 있어요,2,지성
351,첫번째 사진이 바른 직후두번째 사진이 바르고 5~10분 뒤 사진이에요일단 구달 자체가 안맞는거 같아요한2~3년 전인가 살짝 써보고 안맞는거 같아서 안쓰고 있다가 살구가 새로 나왔길래 써봤는데‼️얼굴 트러블 일어나고 안맞아서 ‼️아주 멀리 치워버렸었어요구달 어성초는 제가 어성초 자체가 안맞으니깐 뭐 패쓰하고비타민은 구달 거의 베스트셀러니깐 다르겠지하고 써봤는데 ❗️아주 얼굴 뒤집어지고 난리가 났습니다❗️약간 프로폴리스 느낌처럼 싸악 감싸주긴 하는데 아주 끈적끈적하게 감싸줘서 에엥? 스러워요 끈적끈적한거 싫어하시는 분들은 패쓰하세요결론 잘맞는 사람은 잘 맞겠지만 왜 순하다고 좋다고 소문이 났을지 좋다고 소문이 났을지 모르겠어요 3점주기도 아까운 제품입니다~! 저랑은 아주 안맞아요!,2,복합성
352,공기가 많이 들어가있어서 놀랐고 맨날 올리브영 가면 없어서 맨날 울었는데 그래도 사서 만족…,2,복합성
353,"Goodal 청귤 비타C 잡티 케어 세럼 50ml와 31ml 증정 기획 제품을 할인된 가격인 25,900원에 구매했어요. 재구매 의사 없어요.",2,복합성
354,"친구한테 추천 받아서 세럼이랑 크림 둘 다 샀는데,,, 저한테는 잘 안 맞더라구요ㅠㅠ 일단 제 피부는 아토피+악건성+민감한 피부인데요! 이 제품 쓴 지 이틀정도 까지는 괜찮았는데 자고 일어나니까 얼굴에 붉은끼가 많이 올라와 있고 너무 간지럽더라구요ㅠㅠ,, 근데 향은 별로 신경쓰이지 않고 좋았어요! 후ㅜ 이거 진정 시키느라 일주일은 더 걸린것 같아요,,, 재구매는 절대 네버 없을거에요,,,ㅠㅠ",2,건성
355,"음 아무래도 미백 기능성 세럼이니까 오래 꾸준히 쓰면서 효과를 봐야 하는 건 알겠지만,,, 효과가 있는지 긴가민가 잘 모르겠어욥 사실 제가 이 제품을 매일매일 잘 썼다고 하기엔 그렇게 꼼꼼히 꾸준히 쓴 건 아니에요 하지만 한 번 이 제품을 쓸 땐 일주 이상 꾸준히 썼는데 그걸 감안하고 봐도 미백에 효과가 있었나 싶긴 합니다 미백 까진 바라지 않더라도 트러블 자국이 흐려지는 정도도 사실 잘 모르겠어서 이 제품은 사용하며 효과를 보려면 정말 매일매일 꾸준히 써야 하지 않을까 싶어요 아님 제가 사진 찍고 비교하는 게 아니라 그냥 눈으로만 봐서 효과가 미미하다고 느끼는 거일 수도 있고 띄엄띄엄 써서 그럴 수도 있어서 남은 30ml는 정말 매일 써보려고 계획하구 있어요 민감한 피부다 보니 예민해질 땐 이 제품을 안 써서 그런가,,,흠 암튼 효과는 조금 아쉽습니다 ㅜ",2,복합성
356,그저그래요. 재구매는 안할거 같아용그냥 비타민 c 얼굴에 공급해줄때 사용하고 있어요.건성은 이거 바르고 크림도 발라야할거 같음본인 피부 건성 타입아직까지 특별한 효과 모르겠음추가후기손이 잘 안가고 효과 없음재구매 노노,2,복합성
357,음...제가 여드름으로 인한 색소 침착에 고민이 많아서 미백기능 제품을 찾고 있었는데요~ 그러다가 이게 광고에서 하길래 한번 사봤어요!제발 내 피부톤이라두 개선해 달라는 마음으로 꾸준히 발랐는데요... 2주 개선 세럼이라더니....먼 ㄱ소리인지....ㅋㅋㅋㅋㅋ 전혀 개선 안되는건 아니지만 확실히 2주만으로는 안되는거 같네요... 그리고 너무 희미하게 조금 옅어진 제 색소 침착 된 부분... 머 그나마 조금이라도 옅어져서 다행인건지..ㅎㅎㅎ미백은 전혀 효과 없구여~~ 주름 개선은...제가 아직 피부에 주름이 믾은건 아니라 잘 모르겠구요..그냥 이 제품의 좋은 저이라고는 향이 상큼해서 마음에 든다는 점? 말구는 없는것 같네요~ 바르고 나서는 좀 끈쩍거리는 느낌이 있는데 전 크게 신경 쓰이지는 않았어용. 그냥 미백은 다른 제품 쓰시길~^^,2,복합성
358,"🖐피부타입: 수부지(코,나비존,삼각존 개기름),각질 모공 부자 입니다저번 6월 빅세일때 똑같은 제품을 사서 지금까지도 쓰고있습니다일단 피부에 기미,여드름자국,색소 침착 있어 피부과에서 토닝+백옥주사까지 받고 있는데요더 드라마틱한 효과를 위해 청귤 비타c크림을 써본 결과 처음엔 피부가 밝아졌다고 이야기 들었지만현재 계속쓰면서 내성이 생긴건지 다시 원래 피부톤으로 돌아갔습니다더구나 기미엔효과도 보지 못했구요...😭😭확실히 토닝을 해야지만 기미가 없어진거지 이 세럼때문에 기미가 없어지진 않은것 같구요...그래도 제가 한번씩 빠뜨리고 안바른 날이 있어서 그런걸수도 있으니 다시한번 열심히 발라보도록 하겠습니다🖐총평: 처음엔 피부가 환해지나 다시 피부상태로 돌아감기미는 역시 피부과가 짱",2,복합성
359,저는 원래 악지성피부입니다..근데 스트라이덱스 패드를 너무 과하게 사용해서피부장벽 다 벗겨지고 갈라지고 속건조가 너무 심한거예요..작년 겨울에 구매하고 지금은 처박아 둔 이 제품을지푸라기 잡는 심정으로 진짜 소~~량 사용해 봤는데아무리 양조절을 해도피지오겔과 지성피부는 절대 가까워 질 수 없는 사이라는 걸 다시 깨달았습니다..진짜 콩알만큼 덜어서 발라줬는데도지성피부분들은 아실지 모르겠지만유분이 모공에 끼고 모공이 막혀서 나는 오돌도돌한 트러블 있잖아요그게 볼 턱 얼굴 외곽 전체에 올라오더라구요 ㅠㅠㅠ피부결 진짜 다 망쳤습니다..모공이 막히니까 최대한 더 피한 나비존 입가에는 블랙헤드 파티구요화농성 트러블은 생리 때만 가끔 나서 진정효과도 딱히 체감하기엔 무리였고그냥 이제 피지오겔은 거들떠도 안 보려구요.,2,건성
360,안타깝게도 저랑은 잘 맞지 않는😂지성 피부인데 가벼운 에센스나 수분크림도 맞지가 않아서 혹시 유분이 부족한간가 하고 사본건데..ㅋㅋㅋ역시 이것도 맞지가 않네요ㅠㅠ저한테 맞는 화장품이 없어서 요즘에는 알로에 젤만 바르고 있는ㅋㅋㅋ(그나마 이게 맞아요ㅋㅋ아니면 아무것도 안바르거나;;)혹시나 지루성피부염이 있으신 분들은 이거 쓰면 열감이 더 올라서 가려우니까 조심하시길😓제형은 바이오더마 pp밤이랑 비슷하고 사용감도 비슷하고 유분도 비슷한ㅋㅋㅋ둘다 안맞는다는건 함정이지만..바르면 얼굴이 축축(?)해진다는게 어떤 느낌인지 알 수 있어요ㅋㅋㅋ저는 아주 한 겨울에 진짜 건조한 부분에다가만 써야할듯해여ㅋㅋㅋ아 근데 보습은 진짜 좋은지 귀 쪽에 각질 일어난 부분에 바르니까 다음날 보들보들해진ㅋㅋㅋ,2,건성
361,리뷰를 보고 사야했는데... 남들 다 쓰길래 좋은줄 알고 샀다가 여드름 폭탄 맞았어요 제 피부타입이 지성이라고 생각한적이 없을 정도의 수준이었고 웬만한 크림들은 큰 트러블 없이 잘 썼는데 이건 밤에 바르고 아침에 일어나자마자 피부가 난리가 났네요 극건성에 바르자마자 오일리한 크림 원하시면 괜찮을수도 있겠지만 너무 심하게 여드름이 올라와서 별점을 낮게주겠습니다.....여드름약이랑 흉터연고 값이 더들었어....,2,건성
362,이거 좋다는 평을 너무너무 많이 들어서 한 번 구매해봤어요마침 세일하기도 하고 해서 구매했는데 지 피부타입과는 안 맞더라구요ㅠㅠ우리 엄마 피부 타입이 건성인데 엄마랑은 잘 맞는걸 봐서는 건성이 좋은 제품인 것 같아요저는 수부지거든요..발림성도 나쁘지 않고 촉촉한 편이에요대신 이게 외국 제품이여서 그런지 기름기가 있더라구요유분이 많아요향은 무향으로 거부감 없이 사용하기 좋았어요..!!건성에다가 피부 별로 안 예민 하신 분에게 추천 합니다!!지성 예민하신 피부를 갖고 계신 분은 구매하지 마세요..!!!전 이걸 그래서 핸드크림..으로 사용하고 있답니다 ㅎㅎ 엄마는 피부에도 바르구요..ㅎㅎ,2,건성
363,저는 성분 안맞는게 있는지이걸 바르고 뭔가 모르게 가렵고 오돌토돌 나더라구요 ㅜㅜ아직 안맞는 성분이 뭔진 모르겠는데그냥 코코넛야자오일..? 같은 천연오일 자체가 안맞나 싶긴 해요 아무튼 저도 건성이라 건성친구한테 추천받아허 사본건데세번 쓰고 버렸네요 ㅜㅜ,2,건성
364,이거 원래 밀봉스티커가 없나요??? 밀봉스티커없이 유통기한이 유지되는지 모르겠는데,2,건성
365,유명한 제품이라 리뷰도 좋고 사봤는데 따갑고 빠랐을때 너무 아파서 아깝지만 못쓰겠어요...,2,지성
366,보습엔 효과적인데 나이트케어로 사용하고 아침에 너무 기름져요..,2,건성
367,기름기가 너무 많아요뭔가 촉촉한 보습보다는 유분기가 많은 제품 같습니다제 피부엔 좀 안 맞는 거 같아서 아쉬워요,2,건성
368,1점도 안까움 0.00001점임지금까지 써 본 제품중 최악인 제품평생 살면서 볼 여드름 나본 적 없었는데 이거 쓰고 볼 다 뒤집어짐화해 어플 찾아보니 나같은 분들 많던데  앞으로는 뭐든지 구매할때 별점 낮은 순으로 후기 보고 사야겠음진짜 쓸수록 따가웠고 별로였음일주일도 못 쓰고 버려버림 최악 돈 아까운게 아니라 이런 제품을 판다는 자체가 화가 났음,1,복합성
369,이거 바르고 피부 뒤집어져서 피부과 갔어요성분이 순하다곤 하는데 맞지 않는 분들도 있을듯합니다,1,건성
370,저는 자극이 너무 심하고 트러블이 많이 올라와 이만 하차 합니다... ㅠㅠㅠ. 촉촉한 것도 모르겠어요 마무리감도 이게뭐지? 이런 느낌... 바르면 바로  올라와요...피부과 비용이 더 들것 같아요,1,지성
371,매번 구매해요 다음에 또 구매할게여 아주 좋아요!!ㅎㅎㅎ,1,건성
372,세럼 다 써서 다른걸 사용하려고 찾아보다 토리든을 발견햇는데 유명한 것 같아서 주문햇어요리뷰 수정합니다 와 저 이거 쓰고 양 옆 볼이 빨갛게 됏어요ㅋㅋ어이가 없어서.여태까지 올영에서 스킨 제품 쓰고 얼굴에 이런적 없엇는데 사용하고 나니 첫째날도 그렇고 둘째날에 너무 시뻘게 져서 바로 사용 멈췃어요 1위 제품이라 해서 삿는데 얼굴 이렇게 되니까 진짜 열받내요 ㅡㅡ제 피부 민감성도 아닌데 이렇게 바로 빨갛게 올라오다니,1,복합성
373,"😶‍🌫️대실망 이만이천원 주고 먹을 수 없는 물을 산 기분 속보습에 좋다고 홍보하고 올영 1위 제품이라고 스티커도 붙여있고 리뷰도 좋아서 사봤는데 개실망했음  😶‍🌫️피부 상태: 극건성(바이오더마 파란통 크림, 에스트라 크림도 건조한 극건성. 둘 다 바르고 얼마 안 있으면 눈 밑, 볼 부분이 건조해짐. 최근 피부가 괜찮아졌는데 에스트라 하나만 발라도 건조하지 않음)+여드름성 피부+예민한 피부 😶‍🌫️양도 너무 헤퍼요 산지 이주만에 반을 다 썼어요 제형은 완전 물. 어떤 분은 점성이 있다고 하는데 복불복인가요 저는 완전 물같이 흐르는, 점성이 하나도 없는 제형이었는데.😶‍🌫️이상한게 크림 하나 바른 것 보다 다이브인 세럼이랑 레이어드해서 바른 게 더 건조해요제가 극건성이라 이 제품에 실망했지 지성인 분들은 괜찮다고 생각하실 것 같네요 근데 지성이면 굳이 이 제품을 살 필요가..?",1,지성
374,토리든 제품은 처음 써봅니다. 건성에 민감성이라 화장품 구매할 때 화해 참고해서 많이 사는데 성분이 괜찮아보여 샀더니 피부가 다 뒤집어졌어요ㅠㅠ 어제 오늘 사용해 봤는데 가렵고 좁쌀같은 트러블이 많이 올라왔어요.. 후기가 좋아서 기대하기도 했고 요즘 트러블 없이 지내고 있어서 더 속상하네요😭같은 민감성이라도 사람마다 차이가 있는 것 같으니 참고하시길 바랍니다!,1,복합성
375,⁉️건성/민감이의 단점 리뷰입니다..ㅠㅠ✔️3번을 덧발랐지만 가벼워요...! 🥺✔️겨울+건성에게는 오일이나 다른 앰플 등이 꼭 필요할 듯!✔️재구매 의사😭❌ ✨속보습 : 평이 너무 좋아서 그런지 실망도 컸어요..🥺 평소 수분앰플을 쓰다보니 상대적으로 너무 가벼운 느낌이 들었어요~ 덧바르면 괜찮겠지 싶어서 3번 ~ 4번 덧바르고 고보습 크림까지 바르고 잤는데 볼 광대 밑에 좁쌀여드름이 2~3개가 났길래 얼른 씻고 원래 쓰던걸로 다시 발랐더니 괜찮아졌어요..😭 평소 ‘더랩 바이 블랑두’ 토너와 앰플을 쓰고있고 상품평에 같은 제품을 쓰고 있는 분이 있어서 안심하고 구매했는데.. 너무 아쉬워요😫✨세럼 : 앰플과 세럼은 성분은 같은데 질감의 차이라고 해요! 확실히 세럼은 가벼운 느낌이라 건성이신 분들은 세럼+앰플이나 오일! 또는 로션이 필수일 것 같아요! 그래도 저는 성분이 비슷하면 굳이 여러개를 쓰는 것보다 하나를 여러번 바르는게 나을 것 같아서 재구매는 안할 것 같아요..❌🥺⁉️화해 찾아보니 제품 원료상 안맞을 수 있다고 하네요...! 더랩 바이 블랑두는 아주 잘 쓰고있는데.. 뭔가 안에 성분이 좀 안맞나봐요...😭,1,복합성
376,이 제품 세럼이랑 크림 같이 삿는데 남자친구랑 둘이 같이 처음 사용하고 난 뒤 얼굴 둘다 붉게 올라오고 뭐 나서 바로 사용 멈췃어요.,1,복합성
377,얘 쓰고 피부 뒤집어졌습니다... 하도 좋다고 좋다고 그러길래 글케 좋나 해서 사봤는데 접촉성 피부염인지 좁쌀인지 모르겠는 빨간 트러블들이 우툴두툴 올라와서 사용중단했습니다. 브링그린으로 진정시켜놨던 피부가 다시 민감성 될 뻔 했네요ㅠㅠ. 몸에 발라도 가렵길래 비슷한 꼴 날까봐 그냥 중단했습니다 이 비싼 걸 어떻게 처분하나...,1,복합성
378,"🩵제형 - 양 조절 필수 • 수분을 머금은 꾸덕함촉촉하고 부드러운 사용감 끈적임 없음 / 빠른 흡수✔️But 많이 바르면 밀림 • 얇게 레이어링 필수🩵저자극성 제품으로 민감한 피부에도 사용 가능세라마이드, 마그네슘, 칼슘, 칼륨 등의 무기질 오일이 함유, 피부의 유수분 밸런스를 조절🩵 향기는 더마코스메틱 특유의 무향인듯 아닌듯한 너어어...🩵 건성 민감성 아토피성 피부에게 추천👍🩵지성 및 수부지 피부에게는 추천하지 않음👎",5,건성
379,⭐️피부과에서도 추천하는 DMT크림⭐️무향&쫀쫀한 사용감⭐️온가족 크림으로 추천언제나 만족도 높게 사용중인 크림이에요!사계절내내 사용하기에도 너무 무겁지 않고 제형도 생크림처럼 가벼워서 쉽게 잘 펴바르기 좋아요!특히 대용량인 175ml라서 그런지 더욱 넉넉하게 사용할 수 있었어요가볍게 토너와 에센스 사용 후 피지오겔 크림으로 마무리해주면 일어날때도 건조함없이 피부 촉촉하게 관리할 수 있어서 정말 좋았어요!,5,건성
380,✔️순한 보습 크림찾는다면 무조건!✔️겨울에 너무나 잘 사용한 대용량 크림✔️건성&복합성 피부 추천피지오겔 DMT크림은 피부과에서도 자주 추천해서 사람들이 많이 찾더라구요그만큼 피부에 자극이 덜한 크림인것같아 구매했습니다매일매일 아침저녁으로 사용해보니 마무리감이 끈적이지도 않고 무향이라 좋았습니다특히 파부에 흡수도 빨라서 번들거리지도 않고 바르고나면 피부가 쫀쫀해지며 확실히 수분으로 가득차있다는게 느껴져서 좋았습니다!이번에 기획도 크림이 추가 증정으로 들어있어서 들고다니면서 얼굴이 건조할때 마다 덧발라주기 좋았어요!피지오겔의 이런 기획 증정은 대환영입니다!,5,복합성
381,순하고 보습력 괜찮아요수분감은 없어서 촉촉함이 채워지지는 않아요 이전에 바른 스킨케어를 고정 시켜 주는 역할을 잘 하는것 같아요 좋다고 많이 바르면 좁쌀 파티이니까 잘 조절해서 발라야돼여 특히 관자놀이에 좁쌀이 잘 올라오는 거 같아요ㅜ,5,건성
382,"진짜 저 너무 억울하고 아쉽습니다 ㅜㅜ 150에 75나 더 딸려오는 기획상품이고 한정특가 제품이라서 엄청 쟁여놨는데, 쟁여논 바로 다음날 ""대용량 초특가"" 할인을 하네요.. 따흐윽 따흐윽.. 또 쟁이러... 갑니다... 할인 자주해서 좋은데 나름 좋은 가격인줄 알고 사재꼈는데 거의 현 세일가의 1.5만원이나 비싸게 주고 산 게 마음이 찢어지네여..",5,건성
383,"피지오겔은 한 번만 꾸준히 쓰면 계속 쓰게되는 보습크림인거같아요! 민감한 피부를 가져도 전혀 자극이 없이 수분감을 채워줄수있어요 제형은 살짝 되직한데 또 피부온도와 손 온도로 자연스럽게 녹아들면서 수분감을 제대로 채워줘요! 건성은 4계절 내내 꾸준히 쓸 수 있지만, 지성분들이라면 겨울에만 쓰기 좋은 수분크림이에요! 무난한 수분크림을 찾는다면 피지오겔 추천!",5,건성
384,대용량 구입했어요피지오겔  유명해서 리뷰가 딱히 쓸 말이 없어요걍 살 사람은  사게 되네요,5,건성
385,촉촉하다 순하다 이거말고 다른 보습크림은 꾸덕한데 이상하게 자극돼서 쓸수가 없다. 같이 들어 있던 릴리프밤은 뭐가 진정효과가 있는 건지 솔직히 모르겠다.,5,건성
386,크기 적당해서 건조할때 가방에 넣어다니면서 수시로 바르기 좋고 여행갈때도 다른 기초제품 다 빼고 이거  하나만 챙겨가도 충분하다,5,건성
387,남편이 요 제품 한통 다 쓰더니 좋은 것 같다고또 사달라고 하더라구요?저는 빨강이 쓰는데 남편은 요게 순하고 촉촉하고향도 없어서 좋대요ㅎㅎ이번달 대용량사이즈로 나왔길래 구매해주었습니당,5,복합성
388,전 이거 쓰고 생리도 아닌데 여드름이 엄청 났었기때문에 지금은 안쓰고 있습니다... 특히 짜기 힘든 여드름으로 오돌토돌 많이 났어가지고 오래갔습니다ㅠ 이거 며칠 쓰고 안그러던 피부가 갑자기 많이 올라와서 혹시나 했는데 이거 끊고 기존에 쓰던 화장품 쓰니까 가라앉아서 이 제품이 여드름 유발로 확정했어요 건성분들이 잘 맞으실거 같네요,2,건성
389,리뉴얼 전에 제품은 넘 순해서 좋았는데 지금은 바르면 얼굴이 간지러우면서 트러블이 올라와여…5년째 사용한 제품인데 이제 다른 제품 찾아 봐야되여…,2,지성
390,진정성분이 늘어났다고 하길래 기대를 했는데 제 피부에는 맞지 않네요 ㅠㅠ 받고 바로 저녁세안후 사용했는데 자는동안 피부 가려워서 벅벅 긁고 있더라고요.. 바뀐건 이 크림 뿐인데.. 전날 온 토너 먼저 사용했을땐 괜찮았는데..그래도 혹시나 하고 이틀동안 닥터지 토너와 이 크림을 사용해봤는데 일단 복합성인 제 피부에는 수분감은 정말 만족스러웠는데 피부가 간지러워서 미치겠어요어제도 자는동안 피부가 너무 간지러워서 계속 깰정도..일상생활 할때도 간지러워서 얼굴에 자꾸 손이 갑니다ㅠㅠ얼굴에 모기 열방정도 물린 느낌… 간지러우니까 피부에 열기도 느껴지고 붉은기가 올라와요목에도 발랐는데 목도 간지러워요 어떤 성분때문에 이런지 모르겠네요 진정에 좋다고 샀는디..후기보니 저와 비슷한 분들이 계시는거 같네요 성분 꼼꼼히 확인후에 구매하는걸 추천 드립니다!,2,복합성
391,이게 뭐죠 지금 처음 바르려고 얼굴에 짰더니 같이 이게 화장품안에 들어있었네요 교환 부탁드립니다,2,건성
392,이거 바르면 얼굴이 자극이 받아서 그런지 너무 피부가 붉어지고 열감이 느껴지네요 ㅠㅠ,2,건성
393,음 음..뭐랄까 닥터지 수분크림의 명성이 낭낭해서 오랜 고민끝에 구매했는데 기대보다 못 미쳐버렸달까..😂 바르니까 얼굴이 넘 따가워서 놀라버렸구~^ 진정은 잘 모르게써영 더 붉어져서 ㅅ놀란 가슴 진정시키구 오느라 커피마시고 왔어,2,복합성
394,저는 그냥 그랫습니다 각질도 제거하고 세안도 열심히하고 발랏는데 딱히 효과는 없습니다 진정이라는데 그런것도 없고 촉촉한건 다른 수분크림이랑 비슷하거나 같습니다 제가 가장잘 한 일은 이거를 원플러스원으로 구매를 하지 않은거라고 생각합니다 걍 이걸로 끝내야지 솔직히 지금도 다른거 쓰고 싶은데 산게 아까워서 계속 쓰는중입니다*^^* 이거 나원참 제형은 되게 가볍습니당 패키지 전체 다 분리수거 하기 좋게 되어잇어여 라벨도 떼기 쉽게 되어잇습니다 사실 이거 유튜브 보고 삿는데 그런 저의 과거을 후회합니다^^ 근데 바르면 흡수도 잘되고 참고록 전 수부지 피부 입니다 암튼 흡수 잘됩니다 화장전에는 저는 딱히 바르지 않아서 밀리는지는 모르겟디만 그렇게 보이지는 않아요 하지만 다시는 그매하지 않을 것^^ 언제쯤 정착할지,2,복합성
395,촉촉하고 보습력이 좋은거 같아요 다만 속건성 겉지성이라 트러블쪽도 확인하고 샀는데 이거 며칠쓰고 트러블 엄청나고 특히 이마... 턱도 화이트헤드 많아지고 제가 제 피부 트러블 올라오는 패턴을 알아서 절대 안올라오는 시기에 새 여드름이 엄청 생겨서 뭐깨문인가 했는데 이거 때문이더하구요.. 이거 안쓰고 원래 쓰던거 며칠 쓰니까 지금은 좀 돌아왔어요ㅠㅠ 하여튼 다시는 안살거같습니다 ㅠ,2,건성
396,"크림은 늘 쓰던 크림이라 대만족이나 세럼!!!!!너무너무 안나오고 다음날 얼굴이 넘 기름져있음…건성인데도ㅠㅠㅠㅠ기름기 낭낭, 스포이드 흡입력이 좀 이상해서 잘 안빨려나옴",2,복합성
397,유명한데 솔직히 모르겠음. 제형은 라네즈 워터슬리핑마스크와 동일한데 보습력은 떨어져서 굳이 이 제품을 구매할까 싶음. 화장 전에 바르면 흡수하는데에 너무 오래 걸려서 밤에만 발라주는데 솔직히 재구매 안할 것 같음. 이것보다 좋은 제품들이 더 많은듯.,2,복합성
398,"구달 비타c 잡티세럼 💛🌿❤️ 자극 없이 순함 !🩵 끈적임이 없음 ! 제일 좋았던 점 👍🏻🖤 금방 흡수되고 향이 너무 좋음 비타민 그 자체 🤩끈적임이 없는게 가장 좋았어요 ㅠ 보통 비타민 제품 사용하면얼굴에 계속 끈적임이 남았어서 싫었는데 이건 항상 순위권에있고 리뷰도 좋길래 구매해봤는데 현재 너무 잘 사용중입니다ㅎㅎ제형은 묽게 주르륵 흐르는 제형 아니고 전혀 흐르지않고 약간몽글몽글한 ? ㅎ_ㅎ 제형입니다 ✋🏻3일정도 사용했는데 세안 후에 발라주면 비타민 향도 솔솔 나는게전 너무 마음에 듭니다 ! 미백, 잡티에 효과는 더 써봐야 알 것같아서 한달 리뷰로 적어볼게요 :-) 용기 안이 보여서 남은양도확인 할 수 있는 점이 좋을 것 같고 기획 증정까지 있어서 여행갈 때너무 잘 쓸 것 같습니다 ! 예전에 쓰던 비타민 제품은 쓰면 아주끈적이고 다른 스킨케어까지도 끈적이게 만들어서 별로였는데이건 순하고 피부에 부담감도 없어서 꾸준히 잘 사용할 것 같습니다🩶",4,복합성
399,예전에 써봤는데 정말 좋아서 다른저렴이제품쓰다가 이걸로다시갈아탔어요 이제 시커매지는여름이니써야져 몇달동안 백살기공주될래요,4,지성
400,대용량 기획 상품이라 제품 자체는 만족합니다. 근데 배송상태 뭔가요? 박스가 찢긴채로 왔는데 손가락 넣어서 제품 빼내도 될정도로 박스가 찢겨서 왔네요. 기분 너무 나쁩니다. 한두번이 아니라서 리뷰남겨요.,4,건성
401,"지인한테 미백 주름개선용 세럼으로 효과 봤다고 해서 속는셈 치고 사봤는데 일단 너무 만족스럽습니다!아침 화장 전 첫 단계에서 발라주고, 저녁에 수분크림 전 단계에서 바르는중인데 화장 밀림도 없고 세럼이라 피부에 바로바로 흡수되는거같아요ㅎㅎ바른 직후 수분감은 없는것 같다고 느꼈습니다바로 흡수 되서 제품이라 그런가 싶기도 하네요?뒤에 수분크림 발라주면 문제 없습니다지인분이 왜 추천해주셨는지 알거같네요재구매 의사 있습니다!",4,복합성
402,비타민c를 피부에 바르면 환해진다고 해서 열심히 바르려고 노력하면서 바르고 있는뎀.. 아직 잘 모르겠어요. 꾸준히 안발라서그런지요~! 약간 끈적임 느껴지는거 같고요ㅠㅠ,4,건성
403,솔직히 약간 자극있고 어느 유튜브에서 이거랑 나이아신이랑 같이쓰면 좋다고 해서 샀는데 이거랑 나이아신 같이쓰니까 피부 다 뒤집어짐 나이아신은 밀리고.... 하 개떡같네 두개 같이쓰면 안된다고 나이아신 설명에 적혀있네요 유튜브에서는 왜 그렇게 추천해줬는지....,4,지성
404,일단 흡수력이 좀 떨어짐(에탄올이 안들어가서 그렇다고함)성분 좋은거 인정하나 흡수력 아쉽ㅠㅠ발림성 향기는 괜탆음. 함량도 높였다는데 사용후 미래가 궁금. 모 유투버 추천으로 알게됐으나 검색하다보니 원래 유명하다는것도 알게됌. 올리브영에서 증정에 행사까지해서 저렴하게 잘 구매함. 맘에듬.,4,복합성
405,미백기능 있다고 해서 구매했습니다유명한만큼 효과 있으면 좋겠어요,4,복합성
406,자극은 없는데 산뜻한 제형보다는 쫀쫀한 제형이에요 향은상큼하구요,4,복합성
407,처음 사보는데 너무 만족하고있어요 최고에요 빨리받아서 좋아요,1,건성
408,"제 피부는 건성, 민감성, 유분이 올라오는 피부인데요최근에 피부에 좁쌀 여드름으로 난리가 나서 피부과에 가서 약도 처방 받았지만 이번엔 낫지않더라구요ㅠㅠ  선생님께서  로션이나 폼클렌징을 바꿔보라 하셔서  이걸러 사봤었는데 정말ㅠㅠㅠ 최악이였습니다...처음에는 잠자기 전에가볍게 발라봤는데  속 땅김이 느껴지더라구요 그래서 한겹을 더 발라봤는데 잡히지 않았구요  때처럼 밀리는 현상도 있었습니다낮에 바르고 나갔을때는 유분이 진짜ㅠㅠㅠㅠ피부 좁쌀은 계속 안들어가지 정말 스트레스 많이 받았는데  이거 하루 안썼을 뿐인데 하루만에 어느정도 들어간게 보이더라구요ㅠ",1,지성
409,"화장품은 안써봐서 모르겠는데!! 기다리던 상품 신나서 택배 박스 개봉하니,화장품이 개봉했던 상품이 배송 왔네요. 화장품 사면서 살다살다 이런적은 또 처음입니다.배송도 느리고 고객센터는 문의글 올려도 몇일째 답변 대기고;; 기분 너무 안좋음!상품 검수도 안하고 보낸건지, 아니면 알면서도  그냥 보낸건지! 올리브영 참 대.단.함.",1,지성
410,처음 썼을땐 수분감이 매우 만족을 해서 두번째로 구매 했거든요 새 제품 뜯고 단번에 여드름이 올라와요.... 새로 뜯어서 촉촉하게 듬뿍 바로 잤더니 턱이랑 이마 부분이라 올라오는게 보이더라구요. 긴가민가 한 마음에 다시한번 바르고 잤는데 여드름이 장난아니에요.... 뭐죠  혹시나 해서 유통기한이 지났나 싶어서 확인해 보니 2025년 이던데 ㅜㅜ 정말 좋았거든요.다시 한번 보니 주의사항이 여드름도 적혀 있네요..그 전에는 고딩 이후로는 여드름도 아예 없었어요.ㅠㅠ피부타임은 제가 지성 이였는데 바뀌기도 할까요.저같이 갑자기 안맞는 분도 있을까요,1,지성
411,"요즘 날씨가 더워져서 그런지, 울긋불긋한 붉은기가 많이 생기면서 가벼운 진정 크림이나 수딩크림이 필요하게 되어 이 제품을 구매했다.병풀 바이오 수분크림이라고 하니 진정에는 효과가 없을 수가 없다.닥터지 레드 블레미쉬 클리어 크림은 진정 크림으로 유명한데, 비건 화장품에다 미백 기능도 있다는 게 신기했다.손등에 덜어 발라보았을 때는 우선 굉장히 촉촉하고 가벼웠다. 그리고 흡수가 빨리 되는 편인데, 그럼에도 불구하고 건조함은 없었다! 얼굴에 광이 날 정도의 촉촉함은 없으나 깔끔하고 산뜻한 피부결이 표현됐다. 유분감은 없고 수분감은 많은 수딩 형태로 트러블/지성/민감성에 딱 맞고, 마스크를 써도 답답하지 않은 게 좋았다. 모공을 막는 성분이 없어서 그런 듯하다. 닥터지 레드 블레미쉬 클리어 크림은 자극적이지 않고, 향이 없는 것도 장점이다. 은은한 쿨링감이 있어서 더울 때 쓰기 좋다. 마치 우리 예전에 유행하던 알로에 젤 느낌!",1,복합성
412,올영에서 엄청 유명한 제품이라 세일기간에 구매해봤는데 음..너무 실망했어요ㅠ 효과가 없어서 그런게 아니라 역효과나서 피부가 다 뒤집어졌거든요..매장에서 손등에 테스트 해봤을때는 유분감도 적어보이고 잘 흡수돼서 괜찮구나 하고 샀는데 얼굴에 바르니까 바로 붉은 여드름 트러블이 계속 올라와서 너무 스트레스였어요..원래 피부가 좋은 편이었는데 좋은 성분 들어간 기능성 화장품 바르면 더 좋아질 것 같다는 마음에 산거였는데 너무 욕심이었나봐요😢 리뷰에서 자극없이 순하다고들 해서 괜찮을 줄 알고 사실 분들은 한 번 더 고민해보세요다른 앱 리뷰도 보니까 저처럼 닥터지 제품이 안 맞는 분들도 많으시더라구요케바케 심한 제품같고 다시는 구매 안 할 것 같아요.. 원래 피부 좋으신 분들은 쓰시던거 쓰시고 안 좋은 분들은 한 번 사용해보세요. 여드름 많은 동생은 좋다고 가져가더라구요,1,지성
413,하하………. 쿨링도 느껴지고 시원해서 수분감이 잘 느껴저서 좋았는데요....사용 후 8시간 만에 제 백옥 피부가… 😦살려주세요…. 민감한 분들은 절대 사용 금지…….놀랍게도 사진은 비포 / 애프터 입니다 ㅎㅎ지금도 너무 간지럽고 따갑네요ㅠㅠ..,1,건성
414,진정에 좋다고 해서 구매해봤는데 바르고나면 화한느낌과 열감이 있고 이게 안맞는건지 애매해서 몇번 써봤는데도 계속 그래서 사용중단,1,건성
415,이 제품 쓰고 피부트러블 일어나서 고생중입니다...무엇보다 눈 주변이 심하게 붓고 붉어졌으며 피부가 벗겨져서 피부과 다니는 중입니다...,1,복합성
416,"아.. 피부가 뒤집어졌어요..ㅠㅠ저는 민감성 피부고, 유튜버 디파님이 소개한 영상에서 닥터지 수딩 크림 리뉴얼 후 제품은 수분 증발 차단제가 리뉴얼되고 발효 성분이 추가되어서 민감 피부는 주의하라고 하셨거든요..리뉴얼 전 제품은 안 써봐서 모르지만, 워낙 국민 크림이기도 하고 설마 나한테 안 맞겠어? 하며 반신반의로 샀어요..진정 목적으로 샀는데 바르자마자 붉어지고 자고 일어나니 좁쌀 올라오고 오돌토돌 해졌어요.. 리뷰 찾아보니 저 같은 분들 꽤 계시네요ㅠㅠ며칠 도전해 보다가 도저히 안 되겠어서 포기하고 원래 쓰던 제품 바르니 괜찮아지네요..피부에 닿는 순간 쿨링감이 확 느껴져서 좋았는데 저한테 뭐가 안 맞는 건지.. 잘 맞았으면 했는데.. 슬픕니다..ㅠㅠ제품은 좋은데 저한테 안 맞는 거겠죠..ㅠㅠ",1,지성
417,밀린다는 분들은 꼭!!! 세안하고 물기있는 상태에서스킨케어 첫 단계로 발라보세요그럼 그 위에 세럼 크림 뭘 바르든 절대로 안밀림나이아신아마이드 성분은 수용성 물질이라서지용성 성분이 포함된 제품과 함께 쓰면 흡수가 안되니'당연히' 제품끼리 뭉칠 수 밖에 없어요ㅠㅠ그래서 물(only 수분)만 남아있는 촉촉한 얼굴에 바로흡수시켜줘야 합니다별 자극을 못느껴서 더 고함량 제품을 사야하나?싶으셨던 분들도 첫 단계로 옮겨서 바르시면따끔한 자극과 함께 다음날 미백이나 피지조절 효과바로 느껴지실 거에요바르고나서 수분 보충 꼭 꼼꼼하게 해주시구요!,5,지성
418,"한달만에 엄청 썼네요. 디오디너리 제품 너무 좋아요.처음엔 성분을 알아야 하는 게 어려웠는데, 몇 번 구매하고 찾아보고 하다보니 금방 익숙해지네요. 저렴한 가격에 필요한 성분을 콕 찝어살 수 있어서 넘 좋아요.이 제품은 집에 떨어지지않게 구매해야하는 녀석이에요.",5,건성
419,"나이아신아마이드 성분 요즘 떠오르고 있죠 ㅎㅎ 뷰티 유튜버들도 추천하는 기초제품들 안에 나이아신아마이드 성분 들어간 것들이 점점 많아지는 것 같아요. 저는 제이나님 채널 구독하고 이 성분에 대해서 공부하게 됐어요. 처음 사용해보는 거라 10% 함량 괜찮으려나 걱정 했는데, 아직까지는 큰 부작용 못 느끼고 있습니다. 구매하고 1-2주 정도 사용해본 것 같아요. 일단 아침저녁 루틴 중에 저녁 루틴으로 토너 다음 단계에 사용 중이구요. 아침에는 나이아신아마이드 성분이 4% 정도 들어간 다른 세럼을 쓰고 있어요. 일단 요거 발림성은 괜챃아요. 밀린다고 말씀하시는 분들 있는데, 충분히 잘 흡수 될 때까지 최대 5-10분 정도 기다렸다가 다음 단계 제품 바르시는 것을 추천드립니다. 여유를 갖고 사용해야 하는 제품이라 바쁜 아침보다 저녁 루틴에 더 추천해요 ㅎㅎ나이아신아마이드는 여러모로 기능이 참 많은 것 같아요. 본격적으로 써본지는 이제 1-2주 차라서, 앞으로 꾸준히 잘 써보려고 합니다. 예쁜 피부를 만들기 위해서는... 진짜 꾸준함이 답인 것 같아요. 그리고 나에게 맞는 제품을 현명하게 잘 쓰는 것도 필요하구요. 누가 좋다고 해서 샀는데 별로였다.. 이런 후기는 이제 그만 쓰고 싶거든요 ㅋㅋㅋㅋ 일단 요거 한달 후기 쓰기 전까지 열심히 관리해볼게요-!",5,건성
420,"기존에 사용하고 있는 흔적세럼이 있는데 가격이 너무 부담스러워서 바꾸려던 참에 구매한 제품입니다 이 제품을 알고 나니까 괜히 비싼거 쓸 필요가 없다는 걸 진짜 절실히 느꼈어요광고 다 빼니까 진짜 저렴해진거 같아요저도 후기에 자극이 좀 있다, 다른 화장품과 같이 사용했을 때밀린다 어쩐다해서 고민이 좀 많았는데가격이 그렇게 부담스럽지 않고 마침 30ml 용량으로판매하고 있어서 먼저 테스트용으로 구매했어요🎈미백, 잡티효과사실 이게 제일 중요한게 아닐까요?자극 없이 순하던 촉촉한 수분감이 많던간에본 기능에 대한 효과가 보이느냐?며칠만 쓰면 효과있다고 광고한유명한 잡티, 흔적세럼 써봤는데비싸기만 하고 효과 없어서 역시 화장품으로는 소용이 없고병원에서 토닝을 해야하나보다 하고 마음먹었는데다시 접었습니다 2주 정도 써봤는데 얼굴색이 확 밝아진게 느껴져요제가 지성피부라 세수 직후에는 얼굴이 밝은데얼굴에 유분이 계속 올라오다보니까 다크닝 때문에민낯에도 얼굴이 칙칙해지거든요근데 이거 사용하고 나서는 다크닝도 많이 줄었어요엄마가 왜이렇게 창백하냐고 물어볼정도로 눈에 띄게 미백효과 나타납니다잡티는 아예 없어지는건 아닌거 같아요지금 기미가 있는 광대 위주로 바르고 있는데효과가 아예 없다고 할수는 없는게기미가 북두칠성처럼 7개가 있는데2.3개 정도는 크기가 좀 작아졌어요작고 연한 자잘한 잡티들은 꾸준히 바르면 없어질것도 같아요🎈피지효과이건 좀 개쩌는거 같아요사실 피지조절은 크게 기대안했는데징크성분이 정말 장난아닌거 같아요제가 진짜 얼마나 지성이냐면 세수하고 반나절 있으면코에 방울질 정도로 유분이 올라오거든요?그래서 코에 발랐더니 한 2.3일 정도 되니까정말 반으로 줄었어요안 바른 이마는 번들번들 한데발라준 코는 진짜 이제는 방울 안생겨요앞으로 이마도 발라줄까봐요🎈자극자극 있어요 이건 주의하시고 구매하셔야 할거 같아요저는 개인적으로 아무것도 안바른 상태,수분감이 부족하면 자극이 좀 있는거 같아요못참을 정도는 아닌데 민감하신분들은 첫단계에서바르지 않도록 하는게 좋을거 같아요그래서 저는 히알루론산 성분 있는 토너 샀어요이 세럼을 바르기 전에 수분이나 진정성분 있는 스킨케어를 꼭 !! 해주셔야 할거같아요🎈같이 발랐을 때 안밀렸던 제품에스트라, 아이소이 제품이랑 같이 사용하고 있는데같이 사용했을 때 밀리지 않았어요단, 충분히 흡수 시켜야해요닥터지 제품이랑 잘 안맞는거 같아요 ㅎㅎ ㅠ조금 밀려요 !이전 스킨케어 제품들이랑 같이 바르려고 하신다면최대한 흡수 시키고 천천히 시간들여 바르는게 나을거 같아요⭕️재구매의사 있어요 다음엔 60ml로 !",5,지성
421,세럼 갈아 타려고 테스트 해 봤는데 디 오디너리 한 번 써보려고요,5,지성
422,"이것은 더 좋은 제품이 나오지 않는한 평생쓸 제품임. 자주 세일을 안하지만 세일하면 무조건 쟁일 예정. 여드름 진정, 등드름, 가드름에 바르는걸 추천.",5,복합성
423,걱정했던 것만큼 자극이 느껴지지 않네요 아직 몇 번 안 사용해 봐서 정확하게 효과가 있는지는 모르겠는데 크게 기대 하면서 사용하는 중입니다,5,건성
424,"피부가 요즘 너무 칙칙해져서 구매해보았어요!일단 용량이 작고 아담하네요!너무 큰용량보단 좋은거같애요괜히 크고 비싼거 구매했다가 안맞으면 돈낭비잖아요근데 이건 가성비가 좋은거같아서 구매했는데괜찮은거같아요~예민한 피부이고 기미 잡티가 많은 복합성 피부에요모공도크구요ㅠ요즘 신경쓴다고 비타민c ,레티놀, 나이아신아마이드 등등 구매해서 아침 저녁 번갈아 발라주고있어요다행히 트러블 없이 잘 사용중이에요근데 생각보다 촉촉하지 않더라구요~~저는 비타민 먼저 바르고 나이아신아마이드 발라주는데 순서가 맞는지는 모르겟네요 ㅋ그리고 수분크림 발라줍니당 !당김이나 각질이나 이런건 없어요 !비타민c 와 그리고 히알루론히고도 발라주는데나쁘지않아요밀림현상은 없었어요꾸준히 사용해볼게요👉 수정 👈밀림 현상이있네요ㅠ  오늘은 갑자기 때처럼 마치 필링하는거처럼 밀려나와서 당황했어요; 왜그런건지 궁금하네여",5,복합성
425,자극은 있으나 두통째 너무 잘 쓰고 있는 제품입니다! 재구매 의사 있어요,5,지성
426,디 오디너리를 처음 써봅니다.피지 분비가 활발해졌길래 어떻게 해야하나 고민하고 찾아보다가 구매를 하게 된 제품입니다.가격이 저렴하길래 크게 기대를 안 하고 구매했어요. 근데 사용해보니 효과를 보고 있는 것 같아요.우선 제형은 에센스 같아요.피지 조절 효과가 좋아요.솔직히 처음에는 못 느꼈어요.그냥 에센스 같은 걸 바른다 정도로만 인식을 했어요.며칠 지나고 나니 체감이 되더라구요.평소에 아침에 선크림을 바르고 나가면 오후에는 이마가 기름져서 반짝반짝해요.근데 이 제품을 쓰고 나니 늦은 오후에도 그렇게 기름진 느낌이 들지 않았어요. 큰 기대를 안 하고 저렴하니 속는 셈치고 구매한 제품인데 효과가 있어서 놀랐습니다.살짝 건조할 수 있어요.그래서 이 제품을 바르고 난 후에 촉촉한 수분 크림을 발라주셔야 할 것 같아요.지성인 저도 살짝 건조하다고 느꼈는데 건성이신 분들은 더 느끼실 것 같아요.밀린다는 후기가 많았는데 일단 저는 밀리지 않았어요.가격이 저렴해서 속는 셈치고 구매했는데 괜찮네요.지성이신 분들께 추천합니다!,5,지성
427,"한줄평: 순한 보습 세럼토리든 대체적으로 순하고, 가격도 저렴해서 개인적으로 좋아하는 브랜드입니다. 크림, 스킨패드, 클렌징 젤, 팩 등 여러 제품 써봤는데 그 중에서 다이브인 저분자 히알루론산 세럼이 젤 좋았어요👍 순하게 피부 보습 채워주고 싶을 때 쓰기 좋은 세럼이예요. 세일가 기준 재구매의사 100%입니다.",4,복합성
428,수분감좋다고해서구매했어요ㅎㅎ유명하다고해서구매했어요,4,건성
429,속건조에 좋다는 후기가 많아 구입했습니다. 순하고 잘 스며들긴 하지만 좀 끈적거려요.,4,건성
430,스킨대신 바를려고 구매했어요 속 건조가 심한편이라 아직 효과가 있는지는 모르겠어요,4,복합성
431,"딱 수분충전에 최적화 된 제품이에요. 지성에게는 산뜻한 여름용 에센스, 건성에게는 보습크림 필수인 에센스! 저는 극복합성이라, 지금은 많이 부족해서 레이어링해서 빛의 속도로 썼습니다. 물론 보습크림 필수였구요! 그래도 자극적이지 않아서 그점은 좋았어요",4,지성
432,수분감이 느껴지는 맑은 제형?의 세럼이라 부담 없이 바르기에도 좋고 수분감이 많이 느껴져요! 저분자라 흡수력도 빠르고 좋습니다!,4,복합성
433,자극이 없어서 좋네요.끈적거림은 약간 있으나 보습엔 최고입니다,4,복합성
434,수분감이 많이 채워지고 건조함이 덜 하네요. 추천 합니다.,4,건성
435,예전부터 매번 구매해서 몇통째 쓰는 제품이에요약강 가벼운 감이 있어 겨울보단 봄 여름에 제격이고성분 순해서 트러블 안나요,4,복합성
436,6통 정도 비운 거 같아요. 저는 지복합성으로 T존 지성 U존 건성이라 피지 관리 조절을 중요시하느라 수분 보충에는 별로 관심이 없었어요. 근데 수분이 너무 없어서 피부에서 유분을 더 많이 뿜어낸다고 하길래 수분 앰플이 뭐가 있을까 찾아봤어요. 예전부터 토리든 수분 앰플이 좋다고 해서 구매해봤는데 한번 사용해보고 너무 마음에 들어서 계속 꾸준하게 구매해서 사용하고 있어요. 가장 마음에 드는 점은 끈적임이 없는 마무리감이에요. 솔직하게 저는 속건조는 원래 없어서 이 부분은 잘 모르겠는데 확실히 수분을 보충해주니깐 유분도 덜 해지고 좁쌀 여드름도 줄어든 거 같아요. 이 제품이랑 웰ㄹ쥬 앰플이 가장 유명해서 많이 검색해본 결과 - 끈적임 : 토리든 < 웰ㄹ쥬 - 수분감 보충 : 토리든 < 웰ㄹ쥬 → 수분감 보충은 웰ㄹ쥬가 조금 더 뛰어나다고 하는데 저는 마무리감이 중요해서 토리든을 2번 발라주고 있어요.,4,복합성
437,"초록색 클렌징오일이 엄청 촉촉하고 세정력도 좋아서 클렌징폼도 좋겠거니, 리뷰도 좋고 기획세트 너무 저렴해서 샀는데 완전 후회 중이에요… 인생 가장 최악의 제품이라고 할 수 있을 정도로…일단 자극이 너무 심해요. 세수 하고 나면 얼굴이 온통 시뻘게져서 간질간질 거려요;; 거품 내고 문질문질 할 때부터 뭔가 자극 된다는 느낌..? 3일 정도 아침 저녁으로 썼더니 피부 난리 났어염 하 ㅠ거품은 쫀쫀하게 잘 나요… 장점은 그것밖에 없음. 씻고나면 너무 건조해서 얼굴이 말라버릴 것만 같아요. 물칠 몇 번만 해도 뽀득해지는 느낌 있죠? 비누로 씻었을때 그 느낌.. 딱 그거에요.평화롭던 제 피부에 화산을 가져다 부워버렸네염.. 울긋불긋 너무 슬퍼요… 당장 당근에 갖다 팔거에요..",1,지성
438,마녀공장 클렌징 오일에 사은품으로 있어 사용해보니 예민한 피부에도 피부 나빠짐 없이 괜찮아서 폼클렌징을 구매했더니 이게 뭐람? 피부 다 뒤집어 지고 얼굴 전체에 뾰루지 나서 폼클렌징 다른걸로 바꿨더니 피부 다시 원상복구로 돌아오는중..! 사람들마다 피부타입이 달라서 추천 비추천이라곤 정확히 말 못하지만 예민한 피부에 수부지 타입은 정말 비추..,1,건성
439,저자극이요…?피부 다 뒤집어지고 난리 났는데요빨간 반점들이 생기더니 붓고 간지럽고 껍질이 벗겨지고 극도로 건조해졌습니다제품 교체하자마자 싹 가라앉네요..근데 피부결 거칠어진건 언제 돌아올지 너무 속상해요,1,복합성
440,"쓰고나서 삼일도 안 지나서 눈가가 빨갛게 올라왔어요.화장도 안 하고 이렇게 심하게 안 맞은 제품도 없었는데 당황스럽네요.처방 받은 접촉성 피부염 연고 바르고 있고, 아직도 스킨 로션만 발라도 따가워서 부채질 하면서 식혀야 해요",1,지성
441,언제온다는 기약도 없이 결제하고 3주만에 받아서 꼴도 보기 싫음중간에 환불해달라고 1:1문의썼는데 배송 3주만에 해놓고 택배 받으니까 답변 달고 있던데 이딴 식으로 운영할거면 세일이고 뭐고 기획을 하면 안될듯,1,복합성
442,마녀공장 토너를 잘 사용했어서 구매 해 보았는데 아쉽게도 제 피부에는 잘 맞지 않아 지인에게 주었네요.,1,복합성
443,"당김도 없고 거품도 부드러워 기대햇는데 사용하고 얼굴에 곪은여드름이랑 좁쌀 열감이 확 느껴졋어요 ㅠㅠ 한번썻는데 걍 버리려구요,, 애석하게도 안맞는거같아요",1,지성
444,이거 쓰고 턱라인에 여드름 폭발했어요모공막는 성분이 있으니예민하신분들은 꼭 샘플로 써보고 사세요...,1,복합성
445,ㅇ친오빠랑 샀는데 .. 저는 안 써요 .. 좋은지 모르겠어요,1,건성
446,🌸 한달이상 후기 🌸 겨울에 사용했던 크림이에요. 건성피부가 겨울에 사용하기엔 보습력이 약한편이지만 자기전에 다른 앰플 먼저 바르고 수분크림 듬뿍 올려서 수분 보충용으로 사용했더니 괜찮더라구요. 건성피부는 겨울 보다는 여름에 사용하기 좋을 제품이에요.향은 없고 가벼운 제형이에요.,4,지성
447,"청소년 남자아이가 쓰는 수분크림입니다.코랑 티존, 턱부분 블랙, 화이트헤드가 심한 복합성피부라 볼따구는 수분공급 나머지 부분엔 유분조절때문에 구입해서 선물로 사주게 되었는데 좋다고해요. 향이없어서 좀.. 하는 얘기빼곤 불만없이 잘쓰고있습니다",4,건성
448,너무나 유명템이기 때문에 말이 필요없다고 생각해요뭐 올라온거 진정시키는거보단 그냥 무난하게 사용하기 좋아 계속 사용중입니다!,4,지성
449,자극없이 순해요촉촉하고 흡수도 빨라요속건조 많이 완화됨스파츌라 모양이 꽤 독특하네용,4,복합성
450,수부지 피부인데 더운 나라 여행가서 써보려고 구매햇어요흡수도 빠르고 촉촉한데 기름지지는 않아서 쓰기 좋앗어요,4,복합성
451,이거 바르고 다음날에 피부가 맨들맨들함 아무때나 피부건조할때 쓰기 좋은듯,4,복합성
452,믿고 쓰는 닥터지 수분크림 ㅎㅎㅎ벌써 한 4통째 구매한 것 같네요민감성이라 아무거나 못쓰는데 닥터지좋아요,4,건성
453,지금 쓰고있는 크림이 있어서 사용은 못했는데후기가좋아서 기대중입니다저에게도 잘 맞았으면좋겠네요,4,건성
454,막이 생기면서 파우더리하게 마무리 됩니다.보송한편이에요. 아주 촉촉하지는 않은거 같아요자극없이 순한편이네요,4,지성
455,배송이 빨라요~순해서 좋아요~패키징이 잘 되어있어서 좋아요~,4,복합성
456,남편과 아들이 순하고 자극없이 쓰는 애용품이예요두개샀는데 다 써가네요,3,복합성
457,기존에 쓰던거 다 써서 또 구매하네요. 가격도 적당하고 올인원이어서 편한게 가장 큰 장점입니다! 향도 무난하니 괜찮아요,3,복합성
458,아빠랑 남친사다줫는데 아빠는 향이 없다고 사용을 안하더라구요. 오빠도 두꺼운 지성피부라 잘 안바르더라구요. 건성피부 남성이 쓰기엔 편할거같아요,3,건성
459,향은 좋은데 보습력이 오래 가지는 못해요가볍게 바르기에는 괜찮아요,3,복합성
460,아빠 사드렸는데 건조하다고 하셨어요..!! 엄청 건조한 피부에는 안 맞는 거 같아요.,3,복합성
461,아들도 남편도 사용하는 편한 올인원 제품이예요남편도 아들도 좋아해요 자극적이지 않아 좋아요,3,복합성
462,아버지가 쓰는제품 다써간다고하셔서 올인원으로 찾다가 골랐어요. 우르오스랑 두가지를 비교했는데 이게 향도 은은하게 있고 촉촉한것같아서요. 요즘 남성화장품은 향이 강하진않네요.,3,건성
463,적당히 촉촉하고 바르기 간편해 좋았어요. 남자들한테 적당한듯,3,복합성
464,남편이 너무 만족하면서 쓰고잇는 제품모든 피부에 잘 맞음향은 무난함,3,복합성
465,저희 아빠 사드렸는데 무난하게 잘 사용하시는거 같아요 세일해서 저렴하게 구매했어요,3,복합성
466,"아~ 써보고 너무 구매 후회한 제품 중 하나입니다.일단 진짜 잘 밀려요.물론 리뷰에도 밀린다는 후기 많더라구요.어떤 조합을 어떻게 발려도 그냥 밀려요. 그냥 상상이상으로 때처럼 밀려요... 저 처음에 쓰고 너무 깜짝 놀랐잖아요.그리고 향이... 설명할 수 없는 제 기준 거슬리는 향이여서 이 부분도 마음에 들진 않았습니다.그리고 이 앰플을 쓰면서 피부가 어느 점이 개선이 되었는지는 잘 모르겠어요.메이크업할 때는 백퍼 밀리니까 사용 안 하는 걸 추천하구요, 요즘도 전 사용 안 한지 꽤 됐어요 ㅎㅎ...재구매는 안할 것 같아요:(",2,복합성
467,수분감도 없고 지인한테 추천은 못 할것 같습니다. ㅠ.ㅠ  피부에 자극이 심해서 사용하지 못 합니다.,2,지성
468,아니 요즘 포장 왜케 거지같이 해주시나요? 박스 다 뭉개진건 짜피 내가 쓸거니까 넘어가겠는데 다 새가지고 굳어있는데 상품이 멀쩡한게 맞나 의심스러울 정도네요?? 반품 긔찮아서 그냥 쓰는데 잘 확인해보세요;사용감은 바르면 뭔가 싹 굳는느낌? 글고 때처럼 밀려요,2,복합성
469,올늘샀어요쓰고 말씀드릴께요감사합나다Daha kac kelime yaznan lazin,2,건성
470,아직 하루 써봐서 모르겟는데 양도 많고 저렴해서 사봣어뇨!!,2,복합성
471,나이아신아마이드 성분이 여러모로 피부에 좋다는 얘기가 있어서 저렴하기도 하고 해서 구매해봤어요 ㅎㅎ근데....진짜 이런 사용감의 세럼 처음이라 당황스러웠어요향도 좀 시큼?한 냄새 나고 사용감은..ㅎㅎ우선 흡수가 잘 안되는 것 같았어요.피부에 겉돌기도 하고 겉돌면서 말라버려서 진짜 아무것도 안하고 얘만 발랐을 뿐인데도 밀리더라구요..?필링젤 사용하는 기분이었달까요...?그리고 제 피부랑 저 성분이 맞지 않는 건지 뭔지 피부 트러블도 올라와서 사용 중단한 상태입니다ㅜㅜ 잘 사용하는 방법 아시는 분 꿀팁 부탁드려요....ㅜㅜ,2,복합성
472,흠.. 사실 이 제품을 시코르에서도 보고 가격도 저렴해서 구매해봤습니다. 앰플이 가격이 너무 저렴하기도 하구..뭔가 깔끔한 용기에 들어있어서 그런지 깔끔해보여서요.. ㅠㅠ 근데 이 제품 때문인지는 모르겠지만 이 제품을 쓰고  난 후로 저는 좁쌀 여드름이 바로 올라왔어요. 저는 원래 피부가 조금만 안맞는 제품을 사용하면 다음날 바로 피부가 뒤집어지는 예민한 스타일이라 ㅠㅠ 근데 제 생각에는 이게 개인차가 있을 것 같아서 함부로 단언은 하지 못하겠네요. 근데 발림성은 좋고 다른 부분도 괜찮아서 피부 예민하지 않으신 분들은 저렴하기도 해서 잘 사용하실 것 같아요. 저 또한 피부에만 잘 맞았다면 애용했을텐데 그게 아쉽습니다. 다른 분들은 혹시 구매하시기 전에 샘플이라덤지 미리 먼저 발라보시고 결정하시는 것을 추천드려뇨,2,복합성
473,지성 잡티 피부 사용미백효과가 있다고 해서 제 여드름 흔적과 잡티를 지우려고 사용해봤는데✔️보습감이 좋아요✔️수분감도 충분합니다✔️미백효과는 느끼지 못했습니다✔️1주사용해보았는데 점점 피부에 작은 트러블이 몇개 올라와서 사용을 중단했습니다.✔️향이 너무 별로입니다. 화장품 원료향이 너무 심함.,2,복합성
474,"성분도 좋고, 유명한 제품같아 기대를 많이 했는데 저에게는 효과가 없었어요. 원래 10대 때 온 얼굴이 여드름 부자였을때도 금방금방 원상복구되어서 얼굴에 자국이나 흉이 없었는데, 30대에 접어드니 가끔 일년에 한두개 나는 여드름자국이 사라지질 않네요 ㅠㅠ 그래서 서치후에 이 제품 구매했어요. 약간 점도있는 제형이구요. 아침저녁으로 사용했습니다.다른 후기들처럼 저는 바르고 따가움이나, 밀리거나 하는 현상들은 없었어요. 끈쩍이거나 하지도 않아서 사실 사용감? 마무리감 자체는 좋았는데 무엇보다 중요한, 효과를 못봤네요🙄.  해서, 재구매의사는 0이에요.  솔직히 30ml는 양이 너무 적은것 같아 대용량을 살까 고민하다 사본건데 적은것 사길 잘했어요.. ㅎㅎ 저처럼 처음 구매해보는 분들은 일단 30ml구매 해보시는것을 추천합니다.",2,복합성
475,몇번 써봤는데 제 피부랑은 맞지 않는 느낌이어서 사용을 중지했어요.,2,지성
476,클렌징 제품은 이것밖에 안쓸정도로 애정하는 제품입니다오늘 받아보고 놀랬어요 안에 실 보푸라기같은게떡하니 들어가있어요..;;; 환불 귀찮고 바로 써야하고.. 실 보푸라기여서 일단 그냥 쓰는데.. 당황스럽긴합니다,3,복합성
477,평소 클렌징오일이랑 클렌징폼은 마녀공장것만 쓰고 있어요 :) 근데 요즘 피부 컨디션이 들쑥날쑥이라 그런지 예전에 느꼈던 보습감이나 세정력이 달라진 느낌이라 아쉬워요!우선 오일을 얼굴에 도포 후 물로 유화시키면서 피부에 자극적이지 않게 순하게 잘 지워졌는데 요즘은 그냥 너무 묵직한 오일 느낌만 강하고 개운하다는 느낌보다는 기름지다는 느낌이 커요 ㅠㅠ!막 예전처럼 엄청 잘 지워지는 느낌이 아니라 유분감이 남게 지워지는 느낌이라 개운함이 덜해요..!그래도 아직까진 건성분들이 쓰기에 참 좋은 오일이라 꾸준히 재구매하곤 있는데..! 제품 문제보다는 피부컨디션 문제가 더 크긴 하겠죠 ㅠㅠ..? 그래서 이 오일은 지성분들보다는 복합성이나 건성분들에게 더 추천드리고 조금이라도 유분감이 있는게 싫다! 하시는 분들은 다른 클렌징 제품 구매 추천드려요!✔️ 입구 마개가 있어 위생적으로 관리할 수 있어요✔️ 지성분들보다는 복합성과 건성분들에게 추천!✔️ 사진은 키스미 아이브로우 카라로입니당! 세정력 확인하세요!+ 지워지긴 하지만 워터프루프 제품은 꼭 전용리무버로 지운 후 세안하세요! 자극적이게 쎄게 문질러야 지워지고 리부버 사용안하고 세안시 화장품 잔여물이 남을 수 있어요!,3,건성
478,항상 사용하는 제품이예요! 55ml 추가증정에 구매 발동해서 구매했어요ㅋㅋ피부에 자극성 없어요 그리고 건조함도 없는편이예요~블랙헤드 제거는 잘 모르겠고 화이트헤드는 개선해주는 편이예요^^!,3,복합성
479,용량 차이에 따라 제형이 좀 다른건지이번에 대용량 구매하고나서는 너무 뻑뻑해서 얼굴에서 롤링이 잘 안 돼요..물 묻혀서 해야되더라고요 좀 불편해요 작은 용량은 안 그랬는데....,3,복합성
480,저는 색조화장을 안해서 세정력은 잘 모르겠어요.블랙헤드와 각질제거용으로 구매한거였는데 큰 효과는 없었어요. 블랙헤드에는 전에 썼던 한ㅅㅋ이 나은 것 같아요.그래도 자극적이지 않은 점은 좋았어요.,3,건성
481,마녀공장 오일~~인기가 많은 제품이죠~! 처음구매합니다. 그런데🤣 전 기대를 너무 했는지생각보다별로네요🤣😂사실 닥터땡 썬크림이 잘 지워지지않아 오일로 된 클렌징 잘 안쓰는데 마녀공장오일 사봣어요그런데 잘 안지워집니다. 다른 제품으로 더블클렌징하고있습니다. 유명세에 비해 다소많이 아쉬웠던 제품입니다. 피부당김은 없네요. 오일이라 그런가..향은 딱히 뚜렷한 향은없어요펌프형이라 사용하기는 편리한편입니다~그러나 제일 중요한 클렌징이 안된다는점입니다~따라서 재구매의사는 없습니다😉🤣사실분들은 고려하여 구매하시길 바랍니다.,3,복합성
482,순하고 그렇게 무거운 느낌도 아니어서 괜찮은데... 블랙헤드 제거 목적으로 구매했는데 기대했던 것처럼 잘 제거가 되진 않는 듯합니다 어차피 클렌징오일 필요했던 참이어서 클렌징 용으로 쓰고 있어요 세정력은 준수해요 무난무난한 제품인 것 같습니다 근데 55ml짜리 샘플은 내용물이 너무... 쓰기 불편하네요 아래로 흘러서 용기가 끈적해져요 그래도 이런 점만 빼면 괜찮은 제품이네요,3,지성
483,입소문 자자한 마녀공장 클렌징 오일  기대가 너무 큰 나머지 실망도 컸어요😥평소 마녀공장 앰플 써보고 잘 맞아서 소문  듣고 써본결과 이 제품 쓰고나면 이상하게 얼굴에 뾰루지? 가 올라와서 며칠 다른 제품으로 갈아타니 진정되어 다시 이제품 써본결과 똑같은 증상이 😫😭😭ㅠㅠ 민감성중복합성피부인 저랑은 안 맞는듯 싶고 하도 평이 좋다보니 차리리 건조한 겨울쯤에나 써야 맞을까나  싶은 생각까지들었네요 힝😓😞😢,3,건성
484,저는 건성피부타입입니다. 리뷰 보실 때 참고해주세요🥰평소에 사용하던 클렌징 오일이 다 떨어져서 찾다가 대용량으로 나왔다길래 구매해봤어요. 저는 언니랑 같이 사용하다보니까 후딱후딱 빨리 쓰게 되더라구요ㅠㅠ 다소 아쉬웠는데 용량이 정말 맘에 들었어요! 저는 눈 화장은 립앤아이리무버로 지우고 1차 세안제로 클렌징 오일 사용하고 2차 세안제로 폼클렌징 사용하는 편이에요. 그래서 저는 세정력은 그다지 강하지 않아도 상관없지만 눈화장까지 다 지워지는 걸 원하시는 분들은 비추천드려요ㅠㅠ 아이섀도우는 잘 지워지는데 아이라이너는 문질러도 잘 안 지워지네요🥺그치만 클렌징 오일치곤 제품이 촉촉하고 유분감이 많지않아서 복합성이신 분들이 쓰시면 좋겠네요👍 환절기에 쓰기 좋을 것 같아요. 자극적이지도 않고 순해서 민감성이신 분들이 쓰기 좋을 것 같아요💖,3,복합성
485,마녀공장 클렌징폼 사용하고 세정력이 좋은 것 같아서 클렌징 오일도 구매했어요. 블랙헤드 관리용으로 원래도 좀 유명했잖아요!! 그래서 구매했었는데 결론적으로는 메이크업 클렌징용으로 사용 안하고 블렉헤드 관리용으로 사용하려 합니다..생각보다는 클렌징이 잘되는 느낌은 없었어요. 그냥 평범한 느낌?  제품력이 평균 이상은 하니까 잘 사용해보랴고 했는데 클렌징오일로 지우고낫 나중에 얼굴이 울긋불긋해지더라구요. 호호바오일이 저랑 맞지 않았나봐요!호호바오일 안 맞는 분들에게는 비추해요.오일은 그냥 딱 클린징 오일! 무겁지도 가볍지도 않은 제품이었어요. 세안할 때 세번정도 짜서 사용하면 롤링도 잘 됬었구요. 피지 관리할때 오 너무 좋았어요!!! 빠져나온 피지가 손가락에 몇개 만져지는 수준!다만 저는 전체적으로 사용하면 얼굴에 뭐가 나서 코만 사용하기로 했답니닿ㅎㅎㅎ얼굴에 자극만 안 갔으면 별 다섯개였겠지만 세개 주도록 하겠습니다ㅠㅠ,3,건성
486,아니 자극은 없고 순한게 느껴지는데..보습 잘 되는거 느껴지는데..제 피부가 그렇게 민감한 편도 아닌데...피부 뒤집어짐 ㅜ진짜 ..바르고 바로 터치면 톡 터지는 그런거막 올라와서 바로 닦았는데 ㅠ다음날 한번 더 써보니까 또 나서걍 몸에 바르고 있어요 ..빨간거로 살걸내 돈 ㅠ ㅠ이런거 처음 나 봐요 원래 피부 진짜 좋은편인데 이렇게 돼서 당황스럽네요돈아까웡~~,1,건성
487,아니 물건배송을 우편함에 해놓습니까? 오늘드림으로 받으면서 한번도 정상적으로 온적이없네요매번이렇게 멍청한실수해서 사람 열받게하고기분 더러워서 앞으로는 이용안할겁니다.,1,복합성
488,지성인데 저한테는 번들번들하고 답답하네요 바른지 얼마안되서 개기름껴서 몸에 발라야겠어요ㅠㅠㅠ,1,건성
489,엄청 건조한 피부라서 유분이 부족하다고 생각해서 샀는데 쓰고난 다음날 트러블  났어요 신경쓰일정도는 아니고 기름기가 있어서 적당량만 발라줘야하네요  쓰다가 계속 트러블 올라와서 사용중지상태고 핸드크림으로 사용중입니다촉촉하고 보습잘되는건 인정 ㅠㅠ 흡수는 잘되는데 기름기가 많다는게 바로 느껴질정도ㅠ그래서 산뜻한 느낌은 없어요수분이 저한테는 부족한감이 있어 다른제품으로 수분보충하고 나니 트러블  덜 나네요 생각보다 유분이 많아서 소량만 발라야겠어요재구매의사는 없어요 다들 잘 맞으신다는데 ㅠ 저는 왜ㅠ,1,복합성
490,덕분에 아주 피부과 잘 다니고 있습니다몇년전엔 홍조를 안겨주시더니이번엔 트러블 폭탄을 선물해주시네요 호호호피지오겔은 안 맞는 사람은 진짜 안 맞는 거 같아요꼭 작은 거 써보고 큰 거 사셈,1,건성
491,은박씰도 없어서 찝찝한데  상자는 개봉햇다가 테이프로 다시붙혀놓은 흔적도 있고 상자에 있는 유통기한이랑  본품 유통기한이랑 틀려요.  문제없겠지 쓸까 싶다가도 진짜  찝찝하고 시러요. 뜯기전에 발견했음 환불이라도 했을텐데 진짜 짜증나요.,1,건성
492,"너무 심한 건성이라 어떤 보습이 강한 영양크림도 건조해서 아직도 인생크림을 찾지못해 이제품 저제품 모두 써보는데 피지오겔 후기가 좋아 비싸지만 한번 써보자 해서 구매했는데 저한테는 너무 건조 하나도 촉촉하지않고 유수분 모두 부족해요ㅜㅜ저같은 건성에게는 많이 부족합니다,또 아주 싼 제품에도 이런 튜브형태 크림은 열면 미개봉 막음 테입같은 거 붙어 있는데 이거 뭐 뚜껑을 여니 그냥 입구에 아무 입구 막음처리 없이 이게 뭔가요?이건 튜브형이라 누가 몇번 눌러 짜서 썼는 지 새제품인지 뭐 어떻게 구분하나요?깜짝 놀랐어요 이가격에 그정도 처리도 안했다는 게 믿을 수가 없네요,제 피부에 턱없이 부족한 것도 문제지만 새제품인지도 믿음안가고 ,그나마 별하나는 택배는 빨리 와서고요또 아니 깨질 제품도 없고 안에 또 박스에 있어 뭐 파손위험 제로인데 왜 충격완화 비닐은 넣었는지 알 수가 없네요,환경을 위해 과대포장 택배포장을 최소화 간소화 하는 추세인데....모르시나요?꼭 필요한 데에 사용해야지,아무 데나  막사용하면 안돼죠",1,지성
493,상품 상태도 확인 안하고 보내나요?포장은 다 벗겨져있는 상태로 오고안에 제품은 더러운거 묻어 있고누가 쓴거 보내서 안에 은박지도 까저있는 상태로 보냈네요누가 쓰다가 환불한걸 제가 왜 원래 가격 지불하고 써야하나요?,1,건성
494,선크림이라고 검색하면 왜 이 제품이 제일 첫번째로 뜨나요?선크림도 아니면서 선크림검색했을때 제일 먼저 안뜨게 해주세요 다른사람들도 착각할거같아요저는 선크림인줄 알고 썼는데 이제껏 .. 참 마음에 안드네요 수정하세요 얼른,1,복합성
495,제품을 한 달 이상 꾸준히 사용 후 솔직한 리뷰를 써보려고 합니당~~!̆̈!̆̈☝️첫 번째☝️ 먼저 좋았던 점들을 써보려고 합니당~~!̆̈ 제일 좋았던 점은 편안함인거 같아요 ㅎㅎ 제품을 아버지가 사용 중이신데 스킨과 로션을 따로 바르지않고 한 번에 사용해서 너무 편하다고 하시더라고요 ㅎㅎ 그렇다고 제품이 안좋은것도 아니고 기능편에서도 너무 좋다고 하십니당!̆̈!̆̈ 확실히 피부에 탄력도 있어지고 미백효과가 있어서 매일매일 아침 저녁으로 사용하셔서 너무 신기하더라고요 ㅎㅎ 원래 로션을 안바르시는 성격이라....ㅎㅎ아마도 끈적거리지 않고 흡수가 잘되서 좋아하시는거 같아욥!̆̈!̆̈✌️두 번째✌️ 마지막으로 아쉬웠던 점들을 써보려고 합니당~~!̆̈ 아쉬웠던 부분은 사용감인거 같아요ㅠㅠ 제품이 안이 보이지도 않고 제품이 무게감이 있어서 다 사용하고도 남아있는 느낌을 받아 아쉬움이 있더라고요ㅠㅠ,5,복합성
496,이거저거 바르기 귀찮은 남자들한테 딱인제품~순하고 간편하게 세수하고 이거 한가지만 바르면 됨!,5,건성
497,전부터 사용하던 제품인데 이번에는 용기부분에 캐릭터도 그려져있고 굿즈도 포함되어 있어서 좋아요!^^,5,복합성
498,지인 생일선물 보냈더니 받아 보고 좋아 하네요.잘구매한것 같아요.,5,복합성
499,아빠에게 선물 드리려고 구매해보았어요! 아빠께는 남자올인원로션을 고를 때면 향도 중요시하게 생각하는 편이여서 너무 독하면 향수를 얼굴에 바른 듯한 느낌이라 은은한 향을 선호하시거든요 .이 제품은 프레쉬하고 깔끔한 향이라 아침저녁 부담스럽지 않게 사용하기 좋았어요!! 두꺼운 남성 피부에 효과적으로 흡수될 수 있도록 맞춤 형 프로틴 콤플렉스를 함유하여 사용감까지도 만족!프로틴올인원크림이라고 불리던데 하나만 발라줘도 속당김이나 건조함 없이 촉촉해서 좋다고 하니 뿌듯했어요 ㅎㅎ,5,건성
500,남자로션은 대부분 향도 쎄고머리도 아픈데 이건 여자가 써도 될정도로향이 좋아요부드럽고 오래가고 보습도 짱!!로션따로 스킨따로 필요없어요올인원이라 이거만 바르면 되더라구요,5,복합성
501,"남편 사다줬는데, 피부에 잘 맞는다 하고 조임이 없이 촉촉하다고 하네요! 남자들이 싫어허는 끈적임도 없어요! 옆에서 나는 향도 좋으네요",5,복합성
502,두통에 미니어처 샘플까지 있어서 좋아요 여러번 재구매 중이에요,5,복합성
503,주는 사람이나 받는 사람이나 부담없이 기분좋은 선물이 될듯요 ㅎㅎ,5,복합성
504,보습력이 어느 정도는 있지만 살짝 아쉬운 정도여서 가볍게 로션 바르고 바르는게 좋아욘😢향은 은은하고 나쁘지 않아요🙂,5,복합성
